{
"type": "FeatureCollection",
"name": "surbabs",
"crs": { "type": "name", "properties": { "name": "urn:ogc:def:crs:OGC:1.3:CRS84" } },
"features": [
{ "type": "Feature", "properties": { "name": "Harare CBD", "area_sqkm": 17.113, "Income": 0, "Region": null, "density": "Commercial", "Matched_Ward": "Harare_Ward_6", "Male Population": 11215, "Female Population": 12675, "pop_est": 23890, "Total Households": 7196 }, "geometry": { "type": "MultiPolygon", "coordinates": [ [ [ [ 31.030999049137257, -17.819950961784276 ], [ 31.047794426436198, -17.816024635046777 ], [ 31.045263410721265, -17.806181530456005 ], [ 31.045761769330586, -17.806115629688144 ], [ 31.046407789750081, -17.806247431199527 ], [ 31.046620053602201, -17.806150776767364 ], [ 31.046864618475301, -17.804766855291241 ], [ 31.047455265715982, -17.802658001922701 ], [ 31.047533711052633, -17.802086849845871 ], [ 31.047146098800937, -17.801867175483366 ], [ 31.046380103160683, -17.801665074830989 ], [ 31.047120719427316, -17.798093127703538 ], [ 31.050927625470763, -17.798464385069991 ], [ 31.051015299670546, -17.797664752859539 ], [ 31.051287551133051, -17.796952989306927 ], [ 31.052127377678392, -17.796188499366696 ], [ 31.053890090537298, -17.795432793449109 ], [ 31.056838712309126, -17.79436952738029 ], [ 31.05701867514027, -17.794749579822266 ], [ 31.062352958032662, -17.796873904292536 ], [ 31.062869774368259, -17.79491873585124 ], [ 31.063718829776739, -17.793460034436553 ], [ 31.065841468297933, -17.791711334502043 ], [ 31.074295106930151, -17.800718274161532 ], [ 31.075956302294568, -17.80284472432049 ], [ 31.075101478846634, -17.803790415345912 ], [ 31.074441615132447, -17.805802600708315 ], [ 31.073698691650037, -17.809066861873841 ], [ 31.073347994850881, -17.810261838910701 ], [ 31.067727617201282, -17.815085598635601 ], [ 31.066158710468223, -17.816482619431923 ], [ 31.064646941641318, -17.818985068509939 ], [ 31.061867289110154, -17.823586169012039 ], [ 31.061678097415875, -17.82488647890872 ], [ 31.060949017228161, -17.826999462252864 ], [ 31.060976703817573, -17.827851677133868 ], [ 31.061142823354007, -17.828677530964249 ], [ 31.061216654259095, -17.830048088446546 ], [ 31.061705784005287, -17.83121656822901 ], [ 31.062148769435797, -17.835047019627073 ], [ 31.059804638199342, -17.835749845800841 ], [ 31.057109810163741, -17.837577180870436 ], [ 31.054359608949323, -17.839509918709592 ], [ 31.053925852381937, -17.839747116908015 ], [ 31.053436722635752, -17.840485064837601 ], [ 31.052763015626851, -17.840880392827284 ], [ 31.052726100174311, -17.841143944332696 ], [ 31.05174784068193, -17.841618336059152 ], [ 31.051157193441256, -17.841653476136745 ], [ 31.050658834831932, -17.841829176420671 ], [ 31.047188782292935, -17.843594954644367 ], [ 31.045546044654795, -17.844473444747614 ], [ 31.045103059224278, -17.844578863268623 ], [ 31.04358952567004, -17.84447344474761 ], [ 31.043331117502241, -17.845228942768415 ], [ 31.041311237679242, -17.846701213127957 ], [ 31.04069166264545, -17.847152812780958 ], [ 31.040682433782319, -17.847521771776364 ], [ 31.041217707844179, -17.848180625222554 ], [ 31.041457658285708, -17.848496874010223 ], [ 31.041411513970033, -17.84908544664636 ], [ 31.040848553318753, -17.849498324796375 ], [ 31.038633626166217, -17.846731144420918 ], [ 31.037969148020451, -17.847029826279154 ], [ 31.036307952656042, -17.848281649201933 ], [ 31.035302006574259, -17.849529071003261 ], [ 31.030590671943514, -17.856521498887528 ], [ 31.026326937174851, -17.853868625189477 ], [ 31.02471188612612, -17.849845317394273 ], [ 31.024347346032268, -17.848865830218767 ], [ 31.025856265154946, -17.845707716016758 ], [ 31.025823964133977, -17.845470525761137 ], [ 31.025390207566613, -17.843568599874267 ], [ 31.028288070591199, -17.8375025064875 ], [ 31.031162861457947, -17.831862303767696 ], [ 31.031605846888453, -17.831203389928337 ], [ 31.032510275475747, -17.830482974674617 ], [ 31.032925574316859, -17.828295354401618 ], [ 31.030999049137257, -17.819950961784276 ] ] ] ] } },
{ "type": "Feature", "properties": { "name": "Gunhill", "area_sqkm": 3.649, "Income": 1, "Region": null, "density": "Low Density", "Matched_Ward": "Harare_Ward_6", "Male Population": 11215, "Female Population": 12675, "pop_est": 23890, "Total Households": 7196 }, "geometry": { "type": "MultiPolygon", "coordinates": [ [ [ [ 31.088354126309405, -17.774879222079829 ], [ 31.089046291044568, -17.774694667517696 ], [ 31.09001532167381, -17.774439806142396 ], [ 31.091325820239071, -17.773868563808662 ], [ 31.093868372032937, -17.777678276240593 ], [ 31.092133345763436, -17.783777162335674 ], [ 31.088607920045625, -17.786114720541679 ], [ 31.088571004593089, -17.787924988959073 ], [ 31.084178065740534, -17.792037569394985 ], [ 31.083402841237145, -17.792353917812775 ], [ 31.082627616733749, -17.792107869091829 ], [ 31.08148323770493, -17.792143018929863 ], [ 31.080352701970828, -17.795143910835939 ], [ 31.079965089719124, -17.795873256153389 ], [ 31.079180636352589, -17.796031427033846 ], [ 31.079734368140731, -17.798070061391975 ], [ 31.079402129067848, -17.799370557351555 ], [ 31.079106805447505, -17.801866077110855 ], [ 31.077759391429701, -17.801901225027244 ], [ 31.076485808316988, -17.802446016845995 ], [ 31.075956302294568, -17.80284472432049 ], [ 31.074295106930151, -17.800718274161532 ], [ 31.065841468297933, -17.791711334502043 ], [ 31.069128097182109, -17.788876251294472 ], [ 31.070537806026085, -17.787722872521464 ], [ 31.071972894243672, -17.786883647475225 ], [ 31.075493705529919, -17.78506018679256 ], [ 31.082032355061504, -17.781334117685045 ], [ 31.085899248715336, -17.778860281236348 ], [ 31.086974411270639, -17.777726611170689 ], [ 31.08811879029945, -17.775863509859221 ], [ 31.088354126309405, -17.774879222079829 ] ] ] ] } },
{ "type": "Feature", "properties": { "name": "Newlands", "area_sqkm": 3.447, "Income": 2, "Region": null, "density": "Medium Density", "Matched_Ward": "Harare_Ward_2", "Male Population": 12684, "Female Population": 13774, "pop_est": 26458, "Total Households": 7074 }, "geometry": { "type": "MultiPolygon", "coordinates": [ [ [ [ 31.078779180806208, -17.806780127982563 ], [ 31.080098908234604, -17.805919025586007 ], [ 31.081021794548167, -17.805418178402658 ], [ 31.083162890795645, -17.804293463814151 ], [ 31.085267071590565, -17.803265398183012 ], [ 31.086775990713246, -17.802553656968222 ], [ 31.08674368969227, -17.801714501642103 ], [ 31.088238765520238, -17.80110819847954 ], [ 31.088515631414314, -17.801521187813979 ], [ 31.088744045776924, -17.801750747961563 ], [ 31.089634631069512, -17.802562443914105 ], [ 31.091568077896426, -17.804047431552746 ], [ 31.093455380407669, -17.805492866229738 ], [ 31.093866064817206, -17.805796010618618 ], [ 31.094253677068902, -17.80617384203433 ], [ 31.094738192383527, -17.806788914720286 ], [ 31.095019672709164, -17.807360051743974 ], [ 31.095204249971871, -17.807926793598302 ], [ 31.095351911782039, -17.808836212810718 ], [ 31.0953011530348, -17.809451276316203 ], [ 31.095208864403443, -17.809921359136791 ], [ 31.09407832866933, -17.812680324919743 ], [ 31.093280032008096, -17.814521076120357 ], [ 31.09243559103119, -17.816462850346053 ], [ 31.091863401516779, -17.817807143190244 ], [ 31.091651137664662, -17.81847489273013 ], [ 31.091595764485831, -17.819476512349887 ], [ 31.091651137664645, -17.82042540995575 ], [ 31.091780341748549, -17.821330372410593 ], [ 31.091521933580751, -17.821312800367846 ], [ 31.083714315368013, -17.818720905087964 ], [ 31.078804560179861, -17.817148177376374 ], [ 31.076645006206125, -17.816638575476773 ], [ 31.075925154881546, -17.816656147980318 ], [ 31.072787341415438, -17.816190476051126 ], [ 31.073347994850881, -17.810261838910701 ], [ 31.075101478846634, -17.803790415345912 ], [ 31.075956302294568, -17.80284472432049 ], [ 31.078779180806208, -17.806780127982563 ] ] ] ] } },
{ "type": "Feature", "properties": { "name": "Eastlea", "area_sqkm": 5.32, "Income": 3, "Region": null, "density": "Medium Density", "Matched_Ward": "Harare_Ward_2", "Male Population": 12684, "Female Population": 13774, "pop_est": 26458, "Total Households": 7074 }, "geometry": { "type": "MultiPolygon", "coordinates": [ [ [ [ 31.087525835843017, -17.833454668815921 ], [ 31.084858694396825, -17.832738655397137 ], [ 31.084364950219072, -17.832659586254159 ], [ 31.082623002302228, -17.832185170659137 ], [ 31.082265383855724, -17.832130261365165 ], [ 31.08044268338644, -17.832055584698175 ], [ 31.079815120693215, -17.831950158762094 ], [ 31.073950178170534, -17.830935430936478 ], [ 31.071859840670307, -17.830386333382336 ], [ 31.071306108882162, -17.830285299248008 ], [ 31.070277090642541, -17.830017338875074 ], [ 31.070120199969246, -17.832468502347041 ], [ 31.069437264097214, -17.835437967028565 ], [ 31.069183470360983, -17.836483417661078 ], [ 31.068754328225175, -17.836619589350477 ], [ 31.068269812910554, -17.836549307201206 ], [ 31.067882200658858, -17.836268178326723 ], [ 31.067554576017542, -17.836123221077386 ], [ 31.067286938986612, -17.836085883584957 ], [ 31.067023916387246, -17.836030975493635 ], [ 31.066617846409276, -17.835850876835263 ], [ 31.066451726872835, -17.835743256818322 ], [ 31.065817242532262, -17.835611477117158 ], [ 31.065392714828022, -17.835800361325219 ], [ 31.064926657239674, -17.835826717245293 ], [ 31.063994542062979, -17.835497267963927 ], [ 31.063341599996132, -17.835213941094491 ], [ 31.06308088461255, -17.835106320692617 ], [ 31.062476394077169, -17.835101928021761 ], [ 31.062148769435797, -17.835047019627073 ], [ 31.061705784005287, -17.83121656822901 ], [ 31.061216654259095, -17.830048088446546 ], [ 31.061142823354007, -17.828677530964249 ], [ 31.060976703817573, -17.827851677133868 ], [ 31.060949017228161, -17.826999462252864 ], [ 31.061678097415875, -17.82488647890872 ], [ 31.061867289110154, -17.823586169012039 ], [ 31.066158710468223, -17.816482619431923 ], [ 31.073347994850881, -17.810261838910701 ], [ 31.072787341415438, -17.816190476051126 ], [ 31.075925154881546, -17.816656147980318 ], [ 31.076645006206125, -17.816638575476773 ], [ 31.078804560179861, -17.817148177376374 ], [ 31.091521933580751, -17.821312800367846 ], [ 31.091780341748549, -17.821330372410593 ], [ 31.092112580821457, -17.822591161956716 ], [ 31.092223327179084, -17.823337966889163 ], [ 31.091983376737563, -17.824572384650811 ], [ 31.091568077896465, -17.826667800204973 ], [ 31.09127736870769, -17.827831909309094 ], [ 31.09087129872972, -17.828521585454364 ], [ 31.089154730186504, -17.830410493710321 ], [ 31.088296445914896, -17.831574578357625 ], [ 31.087525835843017, -17.833454668815921 ] ] ] ] } },
{ "type": "Feature", "properties": { "name": "Rietfontein", "area_sqkm": 2.844, "Income": 1, "Region": null, "density": "Low Density", "Matched_Ward": "Harare_Ward_2", "Male Population": 12684, "Female Population": 13774, "pop_est": 26458, "Total Households": 7074 }, "geometry": { "type": "MultiPolygon", "coordinates": [ [ [ [ 31.091325820239071, -17.773868563808662 ], [ 31.091563463464915, -17.773730147122222 ], [ 31.094193689458574, -17.77311056635493 ], [ 31.096708554663028, -17.772451435521408 ], [ 31.097133082367261, -17.772143840300672 ], [ 31.099477213603709, -17.770177415489108 ], [ 31.099929427897361, -17.769812690743834 ], [ 31.100201679359863, -17.769685256621283 ], [ 31.100743875069075, -17.769647905223323 ], [ 31.101579087182849, -17.769709425168749 ], [ 31.103581750483279, -17.77010051575532 ], [ 31.104555395544093, -17.770280680793885 ], [ 31.104924550069519, -17.770223555313507 ], [ 31.105081440742829, -17.770170824084648 ], [ 31.105233716984571, -17.770750866746578 ], [ 31.105233716984571, -17.770996944883056 ], [ 31.105178343805758, -17.771225445706477 ], [ 31.104223156471228, -17.773119354749607 ], [ 31.10386323080894, -17.773749920941121 ], [ 31.103800935982779, -17.773875155076745 ], [ 31.103770942177587, -17.774046527962248 ], [ 31.103849387514231, -17.774644134687655 ], [ 31.104029350345378, -17.775659182708001 ], [ 31.10504452529031, -17.778357161106513 ], [ 31.106050471372086, -17.77823412714741 ], [ 31.108505348966162, -17.77811109310359 ], [ 31.109705101173798, -17.778273673786359 ], [ 31.110660288508331, -17.778594440645556 ], [ 31.11180466753715, -17.77902505826345 ], [ 31.111278622338418, -17.780545393797841 ], [ 31.111241706885881, -17.780694790233195 ], [ 31.110005039225712, -17.781560408296759 ], [ 31.109160598248803, -17.781916321106131 ], [ 31.109543596068921, -17.782839054717144 ], [ 31.111693921179519, -17.786516759894134 ], [ 31.108491505671463, -17.789196999115081 ], [ 31.104790731554086, -17.792668068811818 ], [ 31.103535606167643, -17.793893911479206 ], [ 31.098376671674821, -17.785145867892037 ], [ 31.093868372032937, -17.777678276240593 ], [ 31.091325820239071, -17.773868563808662 ] ] ] ] } },
{ "type": "Feature", "properties": { "name": "Highlands", "area_sqkm": 7.043, "Income": 2, "Region": null, "density": "Low Density", "Matched_Ward": "Harare_Ward_2", "Male Population": 12684, "Female Population": 13774, "pop_est": 26458, "Total Households": 7074 }, "geometry": { "type": "MultiPolygon", "coordinates": [ [ [ [ 31.103535606167643, -17.793893911479206 ], [ 31.108113122282905, -17.801455285324689 ], [ 31.108805287018075, -17.802659100290292 ], [ 31.108943719965115, -17.803080872955487 ], [ 31.107983918199007, -17.804381332396702 ], [ 31.110088098993934, -17.805339097139889 ], [ 31.111703150042668, -17.805224868587356 ], [ 31.110946383265546, -17.806165055266298 ], [ 31.111015599739073, -17.80800587371386 ], [ 31.111135574959832, -17.81130524062122 ], [ 31.108837588039073, -17.812526562026324 ], [ 31.107379427663638, -17.813756661461117 ], [ 31.105792063204316, -17.815566649485135 ], [ 31.104333902828888, -17.817060315083811 ], [ 31.103530991736083, -17.817771998408315 ], [ 31.103521762872951, -17.816199262325185 ], [ 31.103521762872958, -17.815133923437095 ], [ 31.103692496840967, -17.814373904587242 ], [ 31.103614051504316, -17.81333271743566 ], [ 31.103447931967878, -17.812656162188116 ], [ 31.103295655726143, -17.812071862408615 ], [ 31.102788068253684, -17.812164120395828 ], [ 31.102585033264702, -17.812128974501565 ], [ 31.102174348855165, -17.811847807098133 ], [ 31.101759050014063, -17.811487560714614 ], [ 31.098778127221255, -17.814942820736388 ], [ 31.097624519329301, -17.81627833877236 ], [ 31.09554802512379, -17.815338205407901 ], [ 31.093280032008096, -17.814521076120357 ], [ 31.095208864403443, -17.809921359136791 ], [ 31.095351911782039, -17.808836212810718 ], [ 31.095204249971871, -17.807926793598302 ], [ 31.095019672709164, -17.807360051743974 ], [ 31.094738192383527, -17.806788914720286 ], [ 31.094253677068902, -17.80617384203433 ], [ 31.093455380407669, -17.805492866229738 ], [ 31.091568077896426, -17.804047431552746 ], [ 31.089634631069512, -17.802562443914105 ], [ 31.088744045776924, -17.801750747961563 ], [ 31.088515631414314, -17.801521187813979 ], [ 31.088238765520238, -17.80110819847954 ], [ 31.08674368969227, -17.801714501642103 ], [ 31.086775990713246, -17.802553656968222 ], [ 31.085267071590565, -17.803265398183012 ], [ 31.083162890795645, -17.804293463814151 ], [ 31.080098908234604, -17.805919025586007 ], [ 31.078779180806208, -17.806780127982563 ], [ 31.075956302294568, -17.80284472432049 ], [ 31.076485808316988, -17.802446016845995 ], [ 31.077759391429701, -17.801901225027244 ], [ 31.079106805447505, -17.801866077110855 ], [ 31.079402129067848, -17.799370557351555 ], [ 31.079734368140731, -17.798070061391975 ], [ 31.079180636352589, -17.796031427033846 ], [ 31.079965089719124, -17.795873256153389 ], [ 31.080352701970828, -17.795143910835939 ], [ 31.08148323770493, -17.792143018929863 ], [ 31.082627616733749, -17.792107869091829 ], [ 31.083402841237145, -17.792353917812775 ], [ 31.084178065740534, -17.792037569394985 ], [ 31.088571004593089, -17.787924988959073 ], [ 31.088607920045625, -17.786114720541679 ], [ 31.092133345763436, -17.783777162335674 ], [ 31.093868372032937, -17.777678276240593 ], [ 31.103535606167643, -17.793893911479206 ] ] ] ] } },
{ "type": "Feature", "properties": { "name": "Oval Park", "area_sqkm": 1.193, "Income": 3, "Region": null, "density": "Medium Density", "Matched_Ward": "Harare_Ward_2", "Male Population": 12684, "Female Population": 13774, "pop_est": 26458, "Total Households": 7074 }, "geometry": { "type": "MultiPolygon", "coordinates": [ [ [ [ 31.09609944969618, -17.82579581161054 ], [ 31.094262905932194, -17.824565795254845 ], [ 31.09295240736693, -17.824196788692468 ], [ 31.09208601347116, -17.824044374137404 ], [ 31.092223327179084, -17.823337966889163 ], [ 31.092112580821457, -17.822591161956716 ], [ 31.091780341748549, -17.821330372410593 ], [ 31.091651137664645, -17.82042540995575 ], [ 31.091595764485831, -17.819476512349887 ], [ 31.091651137664662, -17.81847489273013 ], [ 31.093280032008096, -17.814521076120357 ], [ 31.09554802512379, -17.815338205407901 ], [ 31.097624519329301, -17.81627833877236 ], [ 31.101759050014063, -17.811487560714614 ], [ 31.102174348855165, -17.811847807098133 ], [ 31.102585033264702, -17.812128974501565 ], [ 31.102788068253684, -17.812164120395828 ], [ 31.103295655726143, -17.812071862408615 ], [ 31.103614051504316, -17.81333271743566 ], [ 31.103692496840967, -17.814373904587242 ], [ 31.103521762872958, -17.815133923437095 ], [ 31.103530991736083, -17.817771998408315 ], [ 31.102273559133916, -17.819412813024087 ], [ 31.10034472673858, -17.822426425153239 ], [ 31.100049403118241, -17.822808614304108 ], [ 31.099352623951503, -17.823177623741014 ], [ 31.098268232533069, -17.823761887120085 ], [ 31.0970315648729, -17.824658046776044 ], [ 31.09609944969618, -17.82579581161054 ] ] ] ] } },
{ "type": "Feature", "properties": { "name": "Rhodesville", "area_sqkm": 1.104, "Income": 3, "Region": null, "density": "Medium Density", "Matched_Ward": "Harare_Ward_2", "Male Population": 12684, "Female Population": 13774, "pop_est": 26458, "Total Households": 7074 }, "geometry": { "type": "MultiPolygon", "coordinates": [ [ [ [ 31.09609944969618, -17.82579581161054 ], [ 31.098821964321196, -17.827847284284086 ], [ 31.09988789801336, -17.828888386647822 ], [ 31.100695423537722, -17.830250156926965 ], [ 31.102813447627351, -17.833922491979482 ], [ 31.102107439597468, -17.834282693014565 ], [ 31.101535250083057, -17.834370546815038 ], [ 31.100063246412926, -17.834366154126041 ], [ 31.092712456925412, -17.834247551482235 ], [ 31.090285265920745, -17.834186053783974 ], [ 31.089168573481334, -17.833992775165491 ], [ 31.087525835843017, -17.833454668815921 ], [ 31.088296445914896, -17.831574578357625 ], [ 31.089154730186504, -17.830410493710321 ], [ 31.09087129872972, -17.828521585454364 ], [ 31.09127736870769, -17.827831909309094 ], [ 31.091568077896465, -17.826667800204973 ], [ 31.09208601347116, -17.824044374137404 ], [ 31.09295240736693, -17.824196788692468 ], [ 31.094262905932194, -17.824565795254845 ], [ 31.09609944969618, -17.82579581161054 ] ] ] ] } },
{ "type": "Feature", "properties": { "name": "Hillside", "area_sqkm": 2.355, "Income": 4, "Region": null, "density": "High Density", "Matched_Ward": "Harare_Ward_2", "Male Population": 12684, "Female Population": 13774, "pop_est": 26458, "Total Households": 7074 }, "geometry": { "type": "MultiPolygon", "coordinates": [ [ [ [ 31.087525835843017, -17.833454668815921 ], [ 31.087315879206876, -17.834370546815038 ], [ 31.087315879206876, -17.835284223770792 ], [ 31.087408167838237, -17.836821650375093 ], [ 31.087278963754333, -17.838359063705056 ], [ 31.086457594935265, -17.839852538228051 ], [ 31.085110180917464, -17.841275719939041 ], [ 31.083125975343297, -17.842628610522777 ], [ 31.081487852136725, -17.84311178323934 ], [ 31.080661868886089, -17.84323037997838 ], [ 31.077856294492861, -17.843313836895533 ], [ 31.076278158896674, -17.843709158602941 ], [ 31.075309128267438, -17.844245037737853 ], [ 31.074626192395403, -17.844780915259317 ], [ 31.069614919712762, -17.841912633994738 ], [ 31.068664346809793, -17.841042916301713 ], [ 31.068405938641988, -17.840436746911944 ], [ 31.06838286648415, -17.839549451764569 ], [ 31.069183470360983, -17.836483417661078 ], [ 31.070120199969246, -17.832468502347041 ], [ 31.070277090642541, -17.830017338875074 ], [ 31.071306108882162, -17.830285299248008 ], [ 31.073950178170534, -17.830935430936478 ], [ 31.08044268338644, -17.832055584698175 ], [ 31.082265383855724, -17.832130261365165 ], [ 31.082623002302228, -17.832185170659137 ], [ 31.084364950219072, -17.832659586254159 ], [ 31.084858694396825, -17.832738655397137 ], [ 31.087525835843017, -17.833454668815921 ] ] ] ] } },
{ "type": "Feature", "properties": { "name": "Wilmington Park", "area_sqkm": 0.308, "Income": 4, "Region": null, "density": "High Density", "Matched_Ward": "Harare_Ward_2", "Male Population": 12684, "Female Population": 13774, "pop_est": 26458, "Total Households": 7074 }, "geometry": { "type": "MultiPolygon", "coordinates": [ [ [ [ 31.074626192395403, -17.844780915259317 ], [ 31.075309128267438, -17.844245037737853 ], [ 31.076278158896674, -17.843709158602941 ], [ 31.076682970665054, -17.843607753661768 ], [ 31.077197007582669, -17.844445442942423 ], [ 31.077972232086058, -17.844831977275 ], [ 31.08113311771001, -17.845974005626097 ], [ 31.085526056562564, -17.849189215314038 ], [ 31.083740271545821, -17.851227241643322 ], [ 31.081488428940716, -17.849637231724497 ], [ 31.077626149718458, -17.846782205877012 ], [ 31.076957057141122, -17.846294650730105 ], [ 31.076477156258072, -17.846004752441939 ], [ 31.074626192395403, -17.844780915259317 ] ] ] ] } },
{ "type": "Feature", "properties": { "name": "Colne Valley", "area_sqkm": 0.878, "Income": 1, "Region": null, "density": "Low Density", "Matched_Ward": "Harare_Ward_2", "Male Population": 12684, "Female Population": 13774, "pop_est": 26458, "Total Households": 7074 }, "geometry": { "type": "MultiPolygon", "coordinates": [ [ [ [ 31.105081440742829, -17.770170824084648 ], [ 31.107029307668572, -17.768264250144195 ], [ 31.109041199832138, -17.767587524110223 ], [ 31.11073008178597, -17.767029442921388 ], [ 31.11159759492072, -17.767925887447372 ], [ 31.112400506013525, -17.769459500258741 ], [ 31.112654299749757, -17.770083487952622 ], [ 31.112395891581958, -17.771384187693105 ], [ 31.112146712277301, -17.772271821947864 ], [ 31.111934448425181, -17.773528563899031 ], [ 31.111731413436203, -17.77439861084283 ], [ 31.111851388656973, -17.775391689552091 ], [ 31.111860617520112, -17.775936562251697 ], [ 31.11167604025739, -17.776428703907353 ], [ 31.111034634269437, -17.777876559222879 ], [ 31.110704606078233, -17.778611116893558 ], [ 31.110660288508331, -17.778594440645556 ], [ 31.109705101173798, -17.778273673786359 ], [ 31.108505348966162, -17.77811109310359 ], [ 31.106050471372086, -17.77823412714741 ], [ 31.10504452529031, -17.778357161106513 ], [ 31.104029350345378, -17.775659182708001 ], [ 31.103770942177587, -17.774046527962248 ], [ 31.103800935982779, -17.773875155076745 ], [ 31.104223156471228, -17.773119354749607 ], [ 31.105178343805758, -17.771225445706477 ], [ 31.105233716984571, -17.770750866746578 ], [ 31.105081440742829, -17.770170824084648 ] ] ] ] } },
{ "type": "Feature", "properties": { "name": "Rolf Valley", "area_sqkm": 2.838, "Income": 1, "Region": null, "density": "Low Density", "Matched_Ward": "Harare_Ward_2", "Male Population": 12684, "Female Population": 13774, "pop_est": 26458, "Total Households": 7074 }, "geometry": { "type": "MultiPolygon", "coordinates": [ [ [ [ 31.127705421916069, -17.779617705048203 ], [ 31.121365192941894, -17.781674102743452 ], [ 31.119021061705446, -17.782403503076765 ], [ 31.117092229310099, -17.782904414833801 ], [ 31.11637237798552, -17.783326234171358 ], [ 31.115237227819836, -17.784345626791517 ], [ 31.114258968327466, -17.784978350319346 ], [ 31.112726977046954, -17.785716524935683 ], [ 31.111693921179519, -17.786516759894134 ], [ 31.109543596068921, -17.782839054717144 ], [ 31.109160598248803, -17.781916321106131 ], [ 31.110005039225712, -17.781560408296759 ], [ 31.111278622338418, -17.780545393797841 ], [ 31.11180466753715, -17.77902505826345 ], [ 31.110704606078233, -17.778611116893558 ], [ 31.111860617520112, -17.775936562251697 ], [ 31.111731413436203, -17.77439861084283 ], [ 31.112654299749757, -17.770083487952622 ], [ 31.11159759492072, -17.767925887447372 ], [ 31.11073008178597, -17.767029442921388 ], [ 31.112431653426608, -17.766461472678991 ], [ 31.114683496031706, -17.765793528576928 ], [ 31.117064542720694, -17.764598253956844 ], [ 31.118208921749503, -17.76448399934689 ], [ 31.121309819763074, -17.764097290894643 ], [ 31.123709324178336, -17.769739635848431 ], [ 31.125112111374946, -17.773290179085595 ], [ 31.127188605580464, -17.778317065227316 ], [ 31.127705421916069, -17.779617705048203 ] ] ] ] } },
{ "type": "Feature", "properties": { "name": "Chisipite", "area_sqkm": 3.347, "Income": 1, "Region": null, "density": "Low Density", "Matched_Ward": "Harare_Ward_2", "Male Population": 12684, "Female Population": 13774, "pop_est": 26458, "Total Households": 7074 }, "geometry": { "type": "MultiPolygon", "coordinates": [ [ [ [ 31.127705421916069, -17.779617705048203 ], [ 31.130234130415218, -17.785672586055803 ], [ 31.131193932181322, -17.788062845419695 ], [ 31.132153733947419, -17.790207021451018 ], [ 31.129975722247405, -17.791384549794461 ], [ 31.120737630248644, -17.796674543996527 ], [ 31.118448872191003, -17.792939929807094 ], [ 31.116427751164306, -17.793959267549901 ], [ 31.115357203040578, -17.793968054918924 ], [ 31.11487268772597, -17.793563835495814 ], [ 31.112611616257741, -17.791239556051998 ], [ 31.111494923818331, -17.792403896417699 ], [ 31.108901613277222, -17.79380109483337 ], [ 31.110147509800534, -17.795874903767366 ], [ 31.109646843975437, -17.796171474050499 ], [ 31.110901969361883, -17.800319012744541 ], [ 31.111703150042668, -17.805224868587356 ], [ 31.110088098993934, -17.805339097139889 ], [ 31.107983918199007, -17.804381332396702 ], [ 31.108943719965115, -17.803080872955487 ], [ 31.108805287018075, -17.802659100290292 ], [ 31.103535606167643, -17.793893911479206 ], [ 31.108491505671463, -17.789196999115081 ], [ 31.111693921179519, -17.786516759894134 ], [ 31.112726977046954, -17.785716524935683 ], [ 31.114258968327466, -17.784978350319346 ], [ 31.115237227819836, -17.784345626791517 ], [ 31.11637237798552, -17.783326234171358 ], [ 31.117092229310099, -17.782904414833801 ], [ 31.119021061705446, -17.782403503076765 ], [ 31.121365192941894, -17.781674102743452 ], [ 31.127705421916069, -17.779617705048203 ] ] ] ] } },
{ "type": "Feature", "properties": { "name": "Lewisam", "area_sqkm": 0.813, "Income": 1, "Region": null, "density": "Low Density", "Matched_Ward": "Harare_Ward_2", "Male Population": 12684, "Female Population": 13774, "pop_est": 26458, "Total Households": 7074 }, "geometry": { "type": "MultiPolygon", "coordinates": [ [ [ [ 31.120737630248644, -17.796674543996527 ], [ 31.1134768221767, -17.800828661273169 ], [ 31.112923090388563, -17.801830380001114 ], [ 31.112037119527542, -17.802586058828968 ], [ 31.111703150042668, -17.805224868587356 ], [ 31.110901969361883, -17.800319012744541 ], [ 31.109646843975437, -17.796171474050499 ], [ 31.110147509800534, -17.795874903767366 ], [ 31.108901613277222, -17.79380109483337 ], [ 31.111494923818331, -17.792403896417699 ], [ 31.112611616257741, -17.791239556051998 ], [ 31.11487268772597, -17.793563835495814 ], [ 31.115357203040578, -17.793968054918924 ], [ 31.116427751164306, -17.793959267549901 ], [ 31.118448872191003, -17.792939929807094 ], [ 31.120737630248644, -17.796674543996527 ] ] ] ] } },
{ "type": "Feature", "properties": { "name": "Greendale", "area_sqkm": 12.276, "Income": 3, "Region": null, "density": "Medium Density", "Matched_Ward": "Harare_Ward_2", "Male Population": 12684, "Female Population": 13774, "pop_est": 26458, "Total Households": 7074 }, "geometry": { "type": "MultiPolygon", "coordinates": [ [ [ [ 31.132153733947419, -17.790207021451018 ], [ 31.134984687714262, -17.794295384107176 ], [ 31.141038821931236, -17.802919962407824 ], [ 31.144315068344373, -17.807524253299757 ], [ 31.144850342406247, -17.80835898796877 ], [ 31.145062606258364, -17.809132212387404 ], [ 31.144942631037605, -17.809940579786417 ], [ 31.14913253490117, -17.81041505459681 ], [ 31.151052138433379, -17.810696224259168 ], [ 31.152584129713887, -17.810608358787299 ], [ 31.154522190972376, -17.810344762111956 ], [ 31.149298654437612, -17.812066920015042 ], [ 31.145473290667894, -17.813534255718459 ], [ 31.145307171131446, -17.813547435325756 ], [ 31.144259695165555, -17.813402459591959 ], [ 31.143860546834929, -17.815443092027724 ], [ 31.143699041730052, -17.816053739604982 ], [ 31.13827247020631, -17.813857155816716 ], [ 31.126339550171949, -17.822432465505333 ], [ 31.126201117224916, -17.822766331923951 ], [ 31.125887335878303, -17.822731188119867 ], [ 31.12110909198983, -17.826177444423486 ], [ 31.120839147743109, -17.826386106623087 ], [ 31.120712250874991, -17.826535464679047 ], [ 31.119853966603387, -17.827018681061144 ], [ 31.119189488457621, -17.826175247977975 ], [ 31.113356846955902, -17.83031330328005 ], [ 31.114335106448284, -17.831130360161008 ], [ 31.114381250763962, -17.831367569521227 ], [ 31.114150529185569, -17.831806845280077 ], [ 31.113163040830059, -17.831648706131695 ], [ 31.112941548114804, -17.831675062666179 ], [ 31.108807017430046, -17.834684074712129 ], [ 31.107681096127497, -17.83549232622001 ], [ 31.107376543644023, -17.835843738774869 ], [ 31.10733039932834, -17.836362071027459 ], [ 31.104515596071973, -17.83587009468852 ], [ 31.103758829294851, -17.835422043625819 ], [ 31.102813447627351, -17.833922491979482 ], [ 31.09988789801336, -17.828888386647822 ], [ 31.098821964321196, -17.827847284284086 ], [ 31.09609944969618, -17.82579581161054 ], [ 31.0970315648729, -17.824658046776044 ], [ 31.098268232533069, -17.823761887120085 ], [ 31.100049403118241, -17.822808614304108 ], [ 31.102273559133916, -17.819412813024087 ], [ 31.103530991736083, -17.817771998408315 ], [ 31.104333902828888, -17.817060315083811 ], [ 31.105792063204316, -17.815566649485135 ], [ 31.107379427663638, -17.813756661461117 ], [ 31.108837588039073, -17.812526562026324 ], [ 31.111135574959832, -17.81130524062122 ], [ 31.110946383265546, -17.806165055266298 ], [ 31.111703150042668, -17.805224868587356 ], [ 31.112037119527542, -17.802586058828968 ], [ 31.112923090388563, -17.801830380001114 ], [ 31.1134768221767, -17.800828661273169 ], [ 31.120737630248644, -17.796674543996527 ], [ 31.129975722247405, -17.791384549794461 ], [ 31.132153733947419, -17.790207021451018 ] ] ] ] } },
{ "type": "Feature", "properties": { "name": "Alexandra Park", "area_sqkm": 5.111, "Income": 2, "Region": "4", "density": "Low Density", "Matched_Ward": "Harare_Ward_6", "Male Population": 11215, "Female Population": 12675, "pop_est": 23890, "Total Households": 7196 }, "geometry": { "type": "MultiPolygon", "coordinates": [ [ [ [ 31.045263410721265, -17.806181530456005 ], [ 31.04427419195418, -17.802208219815078 ], [ 31.04427419195418, -17.801760084133484 ], [ 31.044491070237868, -17.800740790941028 ], [ 31.045215535994011, -17.79792891746812 ], [ 31.045483173024952, -17.796722873785672 ], [ 31.045531624556411, -17.796463650217952 ], [ 31.045561618361596, -17.79601769692816 ], [ 31.045497016319651, -17.795292745852727 ], [ 31.045319360704294, -17.794600744352415 ], [ 31.0441703672439, -17.792715850471225 ], [ 31.04340206438787, -17.791514165313043 ], [ 31.042794113028815, -17.790529963765781 ], [ 31.043050213980827, -17.790370689567879 ], [ 31.043140195396401, -17.790276223424772 ], [ 31.0432255623804, -17.790164182120474 ], [ 31.043302854109164, -17.789988430913287 ], [ 31.043335155130141, -17.789875290982121 ], [ 31.043400910779987, -17.788361625590799 ], [ 31.043520886000746, -17.786744691638653 ], [ 31.044129990967701, -17.778782835981019 ], [ 31.058619306090627, -17.780276809450946 ], [ 31.06467344030758, -17.780927123411967 ], [ 31.064830330980907, -17.780483328330206 ], [ 31.072582576014828, -17.780571208631958 ], [ 31.074502179547043, -17.783980930962102 ], [ 31.075148252344139, -17.78523910101169 ], [ 31.071972894243672, -17.786883647475225 ], [ 31.070537806026085, -17.787722872521464 ], [ 31.065841468297933, -17.791711334502043 ], [ 31.063718829776739, -17.793460034436553 ], [ 31.062869774368259, -17.79491873585124 ], [ 31.062352958032662, -17.796873904292536 ], [ 31.05701867514027, -17.794749579822266 ], [ 31.056838712309126, -17.79436952738029 ], [ 31.053890090537298, -17.795432793449109 ], [ 31.052127377678392, -17.796188499366696 ], [ 31.051287551133051, -17.796952989306927 ], [ 31.051015299670546, -17.797664752859539 ], [ 31.050927625470763, -17.798464385069991 ], [ 31.047120719427316, -17.798093127703538 ], [ 31.046380103160683, -17.801665074830989 ], [ 31.047146098800937, -17.801867175483366 ], [ 31.047533711052633, -17.802086849845871 ], [ 31.047455265715982, -17.802658001922701 ], [ 31.046864618475301, -17.804766855291241 ], [ 31.046620053602201, -17.806150776767364 ], [ 31.046407789750081, -17.806247431199527 ], [ 31.045761769330586, -17.806115629688144 ], [ 31.045263410721265, -17.806181530456005 ] ] ] ] } },
{ "type": "Feature", "properties": { "name": "Borrowdale", "area_sqkm": 2.518, "Income": 2, "Region": "5", "density": "Low Density", "Matched_Ward": "Harare_Ward_6", "Male Population": 11215, "Female Population": 12675, "pop_est": 23890, "Total Households": 7196 }, "geometry": { "type": "MultiPolygon", "coordinates": [ [ [ [ 31.088354126309405, -17.774879222079829 ], [ 31.08811879029945, -17.775863509859221 ], [ 31.086974411270639, -17.777726611170689 ], [ 31.085899248715336, -17.778860281236348 ], [ 31.082032355061504, -17.781334117685045 ], [ 31.075148252344139, -17.78523910101169 ], [ 31.072582576014828, -17.780571208631958 ], [ 31.07175281006807, -17.780561802316033 ], [ 31.066159287272441, -17.773000162109728 ], [ 31.064128937382605, -17.769607807390301 ], [ 31.067543616742775, -17.768764102956439 ], [ 31.068457274193197, -17.769717664445487 ], [ 31.069047921433871, -17.770236188834726 ], [ 31.069813917074132, -17.770605306975099 ], [ 31.070478395219901, -17.769550681694913 ], [ 31.070441479767357, -17.768724554213403 ], [ 31.073782328222453, -17.768777285868833 ], [ 31.076421783079244, -17.770025263840889 ], [ 31.078470590695357, -17.770693192134285 ], [ 31.080796264205535, -17.771431425765694 ], [ 31.082235966854697, -17.771993887438583 ], [ 31.084506267186057, -17.77250361680095 ], [ 31.086149004824204, -17.773382457115609 ], [ 31.086739652064885, -17.774067949561346 ], [ 31.08738567248438, -17.774647979577363 ], [ 31.088354126309405, -17.774879222079829 ] ] ] ] } },
{ "type": "Feature", "properties": { "name": "Groombridge", "area_sqkm": 1.267, "Income": 1, "Region": null, "density": "Low Density", "Matched_Ward": "Harare_Ward_6", "Male Population": 11215, "Female Population": 12675, "pop_est": 23890, "Total Households": 7196 }, "geometry": { "type": "MultiPolygon", "coordinates": [ [ [ [ 31.055742650059464, -17.779980202374901 ], [ 31.056441294390616, -17.772903489679873 ], [ 31.058840798805878, -17.773149564853043 ], [ 31.058910015279395, -17.772011464337361 ], [ 31.059066905952704, -17.771826906814173 ], [ 31.059380687299317, -17.771607195228597 ], [ 31.061235688789573, -17.771739022212337 ], [ 31.061923239093176, -17.771756599136168 ], [ 31.062758451206957, -17.771686291430498 ], [ 31.06318297891119, -17.770983212853064 ], [ 31.064128937382605, -17.769607807390301 ], [ 31.066159287272441, -17.773000162109728 ], [ 31.07175281006807, -17.780561802316033 ], [ 31.064830330980907, -17.780483328330206 ], [ 31.06467344030758, -17.780927123411967 ], [ 31.055742650059464, -17.779980202374901 ] ] ] ] } },
{ "type": "Feature", "properties": { "name": "Little Norfolk", "area_sqkm": 1.257, "Income": 2, "Region": null, "density": "Low Density", "Matched_Ward": "Harare_Ward_6", "Male Population": 11215, "Female Population": 12675, "pop_est": 23890, "Total Households": 7196 }, "geometry": { "type": "MultiPolygon", "coordinates": [ [ [ [ 31.042794113028815, -17.790529963765781 ], [ 31.042238074024887, -17.789717114647537 ], [ 31.041949672051896, -17.789304098002187 ], [ 31.041188290843209, -17.788150721992508 ], [ 31.04100140636471, -17.787676187985632 ], [ 31.040971412559518, -17.78747626818857 ], [ 31.041096002211859, -17.785547360188886 ], [ 31.040902196086005, -17.78499372898829 ], [ 31.040339235434736, -17.784580701419415 ], [ 31.038618052459945, -17.783657976804818 ], [ 31.038308885544904, -17.783438279765459 ], [ 31.038479619512913, -17.782950551372348 ], [ 31.038558064849564, -17.782695701772393 ], [ 31.038678040070323, -17.781948726712457 ], [ 31.038576522575831, -17.781263264497635 ], [ 31.037450601273285, -17.777264682497211 ], [ 31.036038585213529, -17.773059483802157 ], [ 31.034866519595298, -17.769913209836712 ], [ 31.044676801108476, -17.771433622885052 ], [ 31.044129990967701, -17.778782835981019 ], [ 31.043335155130141, -17.789875290982121 ], [ 31.0432255623804, -17.790164182120474 ], [ 31.043050213980827, -17.790370689567879 ], [ 31.042794113028815, -17.790529963765781 ] ] ] ] } },
{ "type": "Feature", "properties": { "name": "Braeside", "area_sqkm": 1.473, "Income": 4, "Region": null, "density": "Medium Density", "Matched_Ward": "Harare_Ward_2", "Male Population": 12684, "Female Population": 13774, "pop_est": 26458, "Total Households": 7074 }, "geometry": { "type": "MultiPolygon", "coordinates": [ [ [ [ 31.062148769435797, -17.835047019627073 ], [ 31.062476394077169, -17.835101928021761 ], [ 31.06308088461255, -17.835106320692617 ], [ 31.063994542062979, -17.835497267963927 ], [ 31.064926657239674, -17.835826717245293 ], [ 31.065392714828022, -17.835800361325219 ], [ 31.065817242532262, -17.835611477117158 ], [ 31.066451726872835, -17.835743256818322 ], [ 31.066617846409276, -17.835850876835263 ], [ 31.067023916387246, -17.836030975493635 ], [ 31.067286938986612, -17.836085883584957 ], [ 31.067554576017542, -17.836123221077386 ], [ 31.067882200658858, -17.836268178326723 ], [ 31.068269812910554, -17.836549307201206 ], [ 31.068754328225175, -17.836619589350477 ], [ 31.069183470360983, -17.836483417661078 ], [ 31.06838286648415, -17.839549451764569 ], [ 31.068405938641988, -17.840436746911944 ], [ 31.068664346809793, -17.841042916301713 ], [ 31.069614919712762, -17.841912633994738 ], [ 31.074626192395403, -17.844780915259317 ], [ 31.073057862466321, -17.845992673336333 ], [ 31.071858110258688, -17.846598823805039 ], [ 31.070418407609534, -17.847038061984996 ], [ 31.068766441108256, -17.84739384411602 ], [ 31.065919336830916, -17.848043913332987 ], [ 31.063893601372644, -17.848533659856948 ], [ 31.061955540114166, -17.849001443394762 ], [ 31.061360278441924, -17.847727663740287 ], [ 31.060566596212272, -17.845562217401998 ], [ 31.059832901592991, -17.843405529647516 ], [ 31.059403759457187, -17.841973579961607 ], [ 31.05927916980486, -17.841437693988215 ], [ 31.059302241962698, -17.840633862003344 ], [ 31.059445289341301, -17.839570865499017 ], [ 31.060266658160369, -17.837936825437744 ], [ 31.061484868094283, -17.836234684427261 ], [ 31.061641758767593, -17.83573392242598 ], [ 31.062148769435797, -17.835047019627073 ] ] ] ] } },
{ "type": "Feature", "properties": { "name": "Cranborne", "area_sqkm": 2.338, "Income": 4, "Region": null, "density": "Medium Density", "Matched_Ward": "Harare_Ward_2", "Male Population": 12684, "Female Population": 13774, "pop_est": 26458, "Total Households": 7074 }, "geometry": { "type": "MultiPolygon", "coordinates": [ [ [ [ 31.081488428940716, -17.849637231724497 ], [ 31.079111996683338, -17.852572370154089 ], [ 31.076980129299013, -17.855236243620215 ], [ 31.07595894589252, -17.856573508812076 ], [ 31.075831620669781, -17.856740243668348 ], [ 31.075531197786731, -17.857133652658867 ], [ 31.075342006092459, -17.857577256945124 ], [ 31.075132049456126, -17.85823168105011 ], [ 31.074874794896221, -17.85904751175482 ], [ 31.074219545613595, -17.860224585260532 ], [ 31.074048811645586, -17.860448579709377 ], [ 31.073887306540712, -17.860661593776424 ], [ 31.073040558348026, -17.862304209144575 ], [ 31.072759078022386, -17.862910304030404 ], [ 31.072532970875574, -17.863375853771483 ], [ 31.072412995654808, -17.863481261090769 ], [ 31.070913305395276, -17.864192758861218 ], [ 31.070779486879811, -17.864245462286494 ], [ 31.069948889197601, -17.862818072333237 ], [ 31.067807792950138, -17.860121372037174 ], [ 31.065770521412951, -17.857866038348725 ], [ 31.064579998068464, -17.856214597683554 ], [ 31.063703256070578, -17.85468612297845 ], [ 31.062817285209558, -17.852235265433382 ], [ 31.062337384326504, -17.850557418754974 ], [ 31.062051289569297, -17.849670174063089 ], [ 31.061955540114166, -17.849001443394762 ], [ 31.063893601372644, -17.848533659856948 ], [ 31.065919336830916, -17.848043913332987 ], [ 31.068766441108256, -17.84739384411602 ], [ 31.070418407609534, -17.847038061984996 ], [ 31.071858110258688, -17.846598823805039 ], [ 31.073057862466321, -17.845992673336333 ], [ 31.074626192395403, -17.844780915259317 ], [ 31.076477156258072, -17.846004752441939 ], [ 31.076957057141122, -17.846294650730105 ], [ 31.081488428940716, -17.849637231724497 ] ] ] ] } },
{ "type": "Feature", "properties": { "name": "Borrowdale", "area_sqkm": 2.623, "Income": 1, "Region": "5", "density": "Low Density", "Matched_Ward": "Harare_Ward_6", "Male Population": 11215, "Female Population": 12675, "pop_est": 23890, "Total Households": 7196 }, "geometry": { "type": "MultiPolygon", "coordinates": [ [ [ [ 31.088354126309405, -17.774879222079829 ], [ 31.088427380410913, -17.774049274321239 ], [ 31.088427380410913, -17.773179225676945 ], [ 31.088344320642701, -17.772651921407125 ], [ 31.088058225885497, -17.770876652264878 ], [ 31.08777213112829, -17.769769297238131 ], [ 31.087218399340159, -17.76523434319127 ], [ 31.086655438688901, -17.761068411964803 ], [ 31.088528897905444, -17.757649463427658 ], [ 31.089830167607573, -17.758352594427961 ], [ 31.090503874616473, -17.758651424266279 ], [ 31.09127909911987, -17.758739315300193 ], [ 31.092072781349529, -17.758651424266279 ], [ 31.092543453369455, -17.76142876006061 ], [ 31.092709572905896, -17.762905300773784 ], [ 31.098357637144893, -17.761472704900683 ], [ 31.097739303314796, -17.757236372676338 ], [ 31.100203409772011, -17.756656286181432 ], [ 31.103387367553808, -17.755882834595987 ], [ 31.104951659855288, -17.755531264588246 ], [ 31.10584685957944, -17.755346690057671 ], [ 31.107268104502332, -17.754872068961912 ], [ 31.10849554329937, -17.754300764121421 ], [ 31.110306707689734, -17.753562459779786 ], [ 31.110611260173211, -17.754217265568887 ], [ 31.110131359290158, -17.754432603861886 ], [ 31.109743747038468, -17.754643547244591 ], [ 31.109559169775753, -17.754880858252903 ], [ 31.10888546276685, -17.757025432350353 ], [ 31.108753951467175, -17.757428635777654 ], [ 31.10671091189052, -17.758505305326814 ], [ 31.10451444246425, -17.759691831610525 ], [ 31.103462352066792, -17.760227963127683 ], [ 31.101337406329812, -17.760790460041317 ], [ 31.101339713545599, -17.760935478490065 ], [ 31.103556947913933, -17.768575147771919 ], [ 31.103926102439353, -17.769928589802241 ], [ 31.103915804812242, -17.77016232979145 ], [ 31.101579087182849, -17.769709425168749 ], [ 31.100743875069075, -17.769647905223323 ], [ 31.100201679359863, -17.769685256621283 ], [ 31.099929427897361, -17.769812690743834 ], [ 31.096708554663028, -17.772451435521408 ], [ 31.094193689458574, -17.77311056635493 ], [ 31.091563463464915, -17.773730147122222 ], [ 31.091325820239071, -17.773868563808662 ], [ 31.09001532167381, -17.774439806142396 ], [ 31.088354126309405, -17.774879222079829 ] ] ] ] } },
{ "type": "Feature", "properties": { "name": "Greystone Park", "area_sqkm": 5.648, "Income": 1, "Region": null, "density": "Low Density", "Matched_Ward": "Harare_Ward_6", "Male Population": 11215, "Female Population": 12675, "pop_est": 23890, "Total Households": 7196 }, "geometry": { "type": "MultiPolygon", "coordinates": [ [ [ [ 31.111975978309388, -17.752541792957999 ], [ 31.110923887911923, -17.751460692796432 ], [ 31.110028688187775, -17.750282901448074 ], [ 31.108385950549636, -17.748182194655246 ], [ 31.107416919920396, -17.747312020185468 ], [ 31.106457118154289, -17.746723111831262 ], [ 31.10573726682971, -17.746345154702738 ], [ 31.104537514622081, -17.746002355686819 ], [ 31.102784030626321, -17.74585293026934 ], [ 31.100744451873346, -17.745580448304647 ], [ 31.099627759433936, -17.745237647824567 ], [ 31.09763432499664, -17.744024656240391 ], [ 31.102080349961906, -17.73746902967369 ], [ 31.104484074146715, -17.737760230329251 ], [ 31.104730046408363, -17.737988501993673 ], [ 31.106142810167565, -17.738769429171999 ], [ 31.107366364494744, -17.737988501993666 ], [ 31.108375481465611, -17.738156701981303 ], [ 31.108589918821924, -17.738577201259385 ], [ 31.108880039951046, -17.739646466405397 ], [ 31.10870344448114, -17.741304415469472 ], [ 31.113093103304394, -17.743899435364071 ], [ 31.115313160640316, -17.741604766918659 ], [ 31.118491879098539, -17.740355301579132 ], [ 31.122146774627403, -17.740283216774348 ], [ 31.122550421415752, -17.739826679003656 ], [ 31.123382942916713, -17.739778622328515 ], [ 31.125199353464275, -17.74030724504583 ], [ 31.129992659075889, -17.741064133947408 ], [ 31.130724268879771, -17.741232331046692 ], [ 31.131102687743841, -17.74113621843787 ], [ 31.131695543964227, -17.741064133947408 ], [ 31.132149646601107, -17.741424556109582 ], [ 31.132256865279263, -17.741736921396697 ], [ 31.13222533037392, -17.742175433284281 ], [ 31.132130725657905, -17.742493804255886 ], [ 31.132553293389449, -17.743100509634651 ], [ 31.132944326215654, -17.743400858071372 ], [ 31.134369703937004, -17.744157733897488 ], [ 31.134640904122925, -17.744319921158276 ], [ 31.135240067324379, -17.744926620349684 ], [ 31.135763546753015, -17.745263007134259 ], [ 31.136293333162715, -17.745983833830135 ], [ 31.136419472784077, -17.750044436656999 ], [ 31.132856028480695, -17.749876247835974 ], [ 31.132723581878263, -17.752735436299506 ], [ 31.132282093203511, -17.753492272658722 ], [ 31.131613553210315, -17.753756563966647 ], [ 31.130503524542359, -17.753276034025546 ], [ 31.130314315110326, -17.753708511030595 ], [ 31.129910668321976, -17.754225079416855 ], [ 31.129368267950134, -17.754621514608932 ], [ 31.128661886070532, -17.754801712133183 ], [ 31.127766294758885, -17.754747652894956 ], [ 31.126807633636552, -17.754618511315318 ], [ 31.126249465812041, -17.754507389416386 ], [ 31.125656609591658, -17.754639534369513 ], [ 31.125833205061557, -17.755552533197587 ], [ 31.125543083932435, -17.75675384034751 ], [ 31.125517856008162, -17.757618776501133 ], [ 31.125328646576129, -17.758988250192573 ], [ 31.124761018280015, -17.760477841251955 ], [ 31.124382599415938, -17.761150555729053 ], [ 31.121784123215964, -17.763985538941132 ], [ 31.121309819763074, -17.764097290894643 ], [ 31.118208921749503, -17.76448399934689 ], [ 31.117104343263573, -17.760321675029381 ], [ 31.114884285927658, -17.756777866408235 ], [ 31.113118331228645, -17.754002835061335 ], [ 31.111975978309388, -17.752541792957999 ] ] ] ] } },
{ "type": "Feature", "properties": { "name": "Pomona", "area_sqkm": 7.568, "Income": 2, "Region": null, "density": "Low Density", "Matched_Ward": "Harare_Ward_6", "Male Population": 11215, "Female Population": 12675, "pop_est": 23890, "Total Households": 7196 }, "geometry": { "type": "MultiPolygon", "coordinates": [ [ [ [ 31.087593334216749, -17.768304998397991 ], [ 31.080687825063837, -17.766382374165541 ], [ 31.080632451885027, -17.765749584798513 ], [ 31.080572464274649, -17.765411217343171 ], [ 31.077550011597737, -17.745103603868596 ], [ 31.077328518882478, -17.745001422752772 ], [ 31.07684400356786, -17.741951344534012 ], [ 31.07666404073672, -17.741406368315463 ], [ 31.075851900780787, -17.741423948219364 ], [ 31.075187422635022, -17.740703170744208 ], [ 31.07461523312061, -17.740457050941949 ], [ 31.073277047965952, -17.740571320892208 ], [ 31.071846574179929, -17.7408262305185 ], [ 31.071661996917204, -17.739727479540846 ], [ 31.071200553760427, -17.737108030020998 ], [ 31.071015976497716, -17.735912563818733 ], [ 31.070905230140088, -17.732800798208679 ], [ 31.070628364246019, -17.729583492196827 ], [ 31.070480702435848, -17.728651693329969 ], [ 31.070425329257034, -17.72757923958093 ], [ 31.080706282790121, -17.723447595488153 ], [ 31.080503247801136, -17.722480601204438 ], [ 31.102252675372981, -17.723047397830143 ], [ 31.093222928417827, -17.741809606927085 ], [ 31.092290813241132, -17.74154151378238 ], [ 31.091432528969513, -17.741378899712174 ], [ 31.090329679824794, -17.741392084642278 ], [ 31.089309890448309, -17.741633808188972 ], [ 31.088243956756145, -17.742161203885587 ], [ 31.086951915917155, -17.743145671696819 ], [ 31.085724477120117, -17.743927968151812 ], [ 31.084792361943418, -17.744297140572773 ], [ 31.085133829879435, -17.745079431997013 ], [ 31.085410695773504, -17.746854957153506 ], [ 31.083592609735785, -17.74703075076545 ], [ 31.083682591151359, -17.748434896044607 ], [ 31.085602194683574, -17.761131033484784 ], [ 31.086349732597558, -17.761043143625965 ], [ 31.086655438688901, -17.761068411964803 ], [ 31.087593334216749, -17.768304998397991 ] ] ] ] } },
{ "type": "Feature", "properties": { "name": "Vainona", "area_sqkm": 4.352, "Income": 2, "Region": null, "density": "Low Density", "Matched_Ward": "Harare_Ward_6", "Male Population": 11215, "Female Population": 12675, "pop_est": 23890, "Total Households": 7196 }, "geometry": { "type": "MultiPolygon", "coordinates": [ [ [ [ 31.080687825063837, -17.766382374165541 ], [ 31.063711331325887, -17.762043986839053 ], [ 31.063499067473764, -17.760013730439567 ], [ 31.063074539769524, -17.75815923367832 ], [ 31.063212972716563, -17.756955118853039 ], [ 31.06446809810301, -17.748772196908401 ], [ 31.063803619957245, -17.745379382718031 ], [ 31.064338894019105, -17.744430086407004 ], [ 31.064431182650463, -17.743726900709497 ], [ 31.060850383753841, -17.741881025115127 ], [ 31.058543167969937, -17.740826230518486 ], [ 31.058044809360606, -17.740685590769544 ], [ 31.057684883698318, -17.737881562724102 ], [ 31.057952520729248, -17.737837612091834 ], [ 31.058293988665273, -17.73884847390546 ], [ 31.059050755442396, -17.738655092086759 ], [ 31.05983520880892, -17.738936374663123 ], [ 31.060545831270364, -17.739490148444425 ], [ 31.061164165100447, -17.739059435651377 ], [ 31.061625608257231, -17.739323137484352 ], [ 31.061787113362108, -17.739595628970541 ], [ 31.062280857539864, -17.739485753421146 ], [ 31.062566952297068, -17.739709899470412 ], [ 31.06319451499029, -17.73976703469301 ], [ 31.063909751883305, -17.7396263941123 ], [ 31.064481941397723, -17.739894490123866 ], [ 31.065884728594341, -17.739912070176178 ], [ 31.066290798572307, -17.73950772853642 ], [ 31.066286184140729, -17.739362692725813 ], [ 31.066636880939885, -17.739362692725816 ], [ 31.066743012865953, -17.739498938490637 ], [ 31.066669181960862, -17.739714294488177 ], [ 31.066932204560231, -17.739745059609554 ], [ 31.067365961127603, -17.739520913604295 ], [ 31.067555152821882, -17.739929650226767 ], [ 31.068450352546037, -17.739709899470402 ], [ 31.068824121503031, -17.739876910069832 ], [ 31.069059457512989, -17.739525308626696 ], [ 31.069520900669772, -17.739635184151823 ], [ 31.069954657237144, -17.739371482778285 ], [ 31.070194607678673, -17.739705504452527 ], [ 31.070577605498801, -17.739859330014074 ], [ 31.070969832182065, -17.739894490123877 ], [ 31.071672535962161, -17.739790216517594 ], [ 31.071846574179929, -17.7408262305185 ], [ 31.073277047965952, -17.740571320892208 ], [ 31.07461523312061, -17.740457050941949 ], [ 31.075187422635022, -17.740703170744208 ], [ 31.075851900780787, -17.741423948219364 ], [ 31.07666404073672, -17.741406368315463 ], [ 31.07684400356786, -17.741951344534012 ], [ 31.077328518882478, -17.745001422752772 ], [ 31.077550011597737, -17.745103603868596 ], [ 31.080687825063837, -17.766382374165541 ] ] ] ] } },
{ "type": "Feature", "properties": { "name": "Northwood", "area_sqkm": 4.592, "Income": 1, "Region": null, "density": "Low Density", "Matched_Ward": "Harare_Ward_6", "Male Population": 11215, "Female Population": 12675, "pop_est": 23890, "Total Households": 7196 }, "geometry": { "type": "MultiPolygon", "coordinates": [ [ [ [ 31.063467744707925, -17.759876901468594 ], [ 31.062276243108304, -17.760084042734722 ], [ 31.061625608257245, -17.759965390720634 ], [ 31.058976924537316, -17.759139218959312 ], [ 31.06040278389176, -17.75627835002896 ], [ 31.060527373544087, -17.755843283004577 ], [ 31.060458157070574, -17.755201667078612 ], [ 31.060227435492191, -17.753711878761422 ], [ 31.057366487920149, -17.754081031004759 ], [ 31.056111362533706, -17.754766597436308 ], [ 31.055303837009316, -17.753549275745975 ], [ 31.054667045452966, -17.752898862206742 ], [ 31.054094855938555, -17.752336340482756 ], [ 31.051418485629224, -17.75194960577187 ], [ 31.049609628454643, -17.751861711402846 ], [ 31.048668284414809, -17.751844132523853 ], [ 31.047911517637683, -17.751967184640492 ], [ 31.047080919955484, -17.751896869155637 ], [ 31.039956237614781, -17.751193712787636 ], [ 31.039291759469016, -17.751281607484707 ], [ 31.038977978122411, -17.749365493302555 ], [ 31.037556733199519, -17.749470968011195 ], [ 31.035840164656296, -17.749330335052541 ], [ 31.034289715649507, -17.749172122841966 ], [ 31.03380981476646, -17.74869748537122 ], [ 31.035471010130863, -17.740241695837536 ], [ 31.036763050969849, -17.737639834113214 ], [ 31.042115791588511, -17.740030735484158 ], [ 31.04290947381817, -17.739767034693006 ], [ 31.043555494237665, -17.739837354941947 ], [ 31.043924648763092, -17.739617604072347 ], [ 31.043906191036815, -17.739459383279272 ], [ 31.044949052571145, -17.739705504452534 ], [ 31.045512013222417, -17.739586838929078 ], [ 31.045424339022627, -17.740276855872271 ], [ 31.045659675032582, -17.740540555912776 ], [ 31.046014986263309, -17.740518580924228 ], [ 31.046190334662882, -17.740298830890477 ], [ 31.046757909745725, -17.740250485846865 ], [ 31.047020932345109, -17.740188955772499 ], [ 31.047713097080287, -17.740109845645801 ], [ 31.047786927985364, -17.739956020299424 ], [ 31.048049950584733, -17.740079080587094 ], [ 31.048539080330922, -17.739661554267844 ], [ 31.048603682372875, -17.739077015785664 ], [ 31.049360449149997, -17.738681462347063 ], [ 31.049461966644486, -17.738373809068662 ], [ 31.049932638664401, -17.738294698140241 ], [ 31.050357166368642, -17.738567191191059 ], [ 31.050541743631353, -17.738558401099116 ], [ 31.050800151799152, -17.738136476178568 ], [ 31.051593834028818, -17.738057365145302 ], [ 31.051824555607205, -17.738294698140241 ], [ 31.052424431711021, -17.738233167393975 ], [ 31.052424431711021, -17.737784871318901 ], [ 31.05256286465805, -17.737573908071816 ], [ 31.052895103730933, -17.737635439044546 ], [ 31.053190427351275, -17.737828821964101 ], [ 31.053384233477125, -17.73752995736406 ], [ 31.053744159139413, -17.737283833201392 ], [ 31.054141000254244, -17.737653019318586 ], [ 31.054270204338142, -17.73752995736406 ], [ 31.054611672274163, -17.737802451578279 ], [ 31.055340752461877, -17.737582698212073 ], [ 31.055839111071201, -17.73747721650053 ], [ 31.056097519239, -17.737239882422465 ], [ 31.056319011954251, -17.737310203663561 ], [ 31.056651251027141, -17.737595883421651 ], [ 31.057015791121, -17.737560722860621 ], [ 31.057149609636465, -17.737696969996144 ], [ 31.057172681794302, -17.737855192346043 ], [ 31.057094236457651, -17.738044179969705 ], [ 31.057223440541549, -17.73822437728564 ], [ 31.057311114741339, -17.73822217975848 ], [ 31.057684883698318, -17.737881562724102 ], [ 31.058044809360606, -17.740685590769544 ], [ 31.058543167969937, -17.740826230518486 ], [ 31.064431182650463, -17.743726900709497 ], [ 31.064338894019105, -17.744430086407004 ], [ 31.063803619957245, -17.745379382718031 ], [ 31.06446809810301, -17.748772196908401 ], [ 31.063074539769524, -17.75815923367832 ], [ 31.063467744707925, -17.759876901468594 ] ] ] ] } },
{ "type": "Feature", "properties": { "name": "Tudeley", "area_sqkm": 0.475, "Income": 2, "Region": null, "density": "Low Density", "Matched_Ward": "Harare_Ward_6", "Male Population": 11215, "Female Population": 12675, "pop_est": 23890, "Total Households": 7196 }, "geometry": { "type": "MultiPolygon", "coordinates": [ [ [ [ 31.04835681028403, -17.7678753527039 ], [ 31.047747705317082, -17.765418907519724 ], [ 31.048227606200136, -17.763872076780057 ], [ 31.048947457524712, -17.765120088987697 ], [ 31.049445816134043, -17.765014623504225 ], [ 31.049575020217937, -17.7627998339842 ], [ 31.049150492513697, -17.762729522756615 ], [ 31.049168950239967, -17.761006889046598 ], [ 31.052020668948877, -17.761270558546943 ], [ 31.050802459014978, -17.772370691827138 ], [ 31.04690326434017, -17.771966423530802 ], [ 31.046984016892605, -17.771063407893017 ], [ 31.045945769789853, -17.770573448594231 ], [ 31.045756578095574, -17.768415854001915 ], [ 31.046490272714852, -17.768099463196485 ], [ 31.047080919955526, -17.767923690284892 ], [ 31.04781000014324, -17.76785338107187 ], [ 31.04835681028403, -17.7678753527039 ] ] ] ] } },
{ "type": "Feature", "properties": { "name": "Comet Rise", "area_sqkm": 0.257, "Income": 1, "Region": null, "density": "Low Density", "Matched_Ward": "Harare_Ward_6", "Male Population": 11215, "Female Population": 12675, "pop_est": 23890, "Total Households": 7196 }, "geometry": { "type": "MultiPolygon", "coordinates": [ [ [ [ 31.045945769789853, -17.770573448594231 ], [ 31.045733505937722, -17.771623673606879 ], [ 31.044676801108476, -17.771433622885052 ], [ 31.040323204185192, -17.770758897098233 ], [ 31.039028736869703, -17.767115132665918 ], [ 31.03941634912141, -17.767172259139471 ], [ 31.040403837476923, -17.767132710044347 ], [ 31.041234435159126, -17.767084372249521 ], [ 31.041580517526715, -17.767119527010681 ], [ 31.042065032841332, -17.76728211769116 ], [ 31.04343551901697, -17.767739128541745 ], [ 31.044469151688162, -17.768055519984799 ], [ 31.045327435959781, -17.768284024567691 ], [ 31.045756578095574, -17.768415854001915 ], [ 31.045945769789853, -17.770573448594231 ] ] ] ] } },
{ "type": "Feature", "properties": { "name": "Tudeley", "area_sqkm": 0.475, "Income": 2, "Region": null, "density": "Low Density", "Matched_Ward": "Harare_Ward_6", "Male Population": 11215, "Female Population": 12675, "pop_est": 23890, "Total Households": 7196 }, "geometry": { "type": "MultiPolygon", "coordinates": [ [ [ [ 31.04835681028403, -17.7678753527039 ], [ 31.047747705317082, -17.765418907519724 ], [ 31.048227606200136, -17.763872076780057 ], [ 31.048947457524712, -17.765120088987697 ], [ 31.049445816134043, -17.765014623504225 ], [ 31.049575020217937, -17.7627998339842 ], [ 31.049150492513697, -17.762729522756615 ], [ 31.049168950239967, -17.761006889046598 ], [ 31.052020668948877, -17.761270558546943 ], [ 31.050802459014978, -17.772370691827138 ], [ 31.04690326434017, -17.771966423530802 ], [ 31.046984016892605, -17.771063407893017 ], [ 31.045945769789853, -17.770573448594231 ], [ 31.045756578095574, -17.768415854001915 ], [ 31.046490272714852, -17.768099463196485 ], [ 31.047080919955526, -17.767923690284892 ], [ 31.04781000014324, -17.76785338107187 ], [ 31.04835681028403, -17.7678753527039 ] ] ] ] } },
{ "type": "Feature", "properties": { "name": "Avondale", "area_sqkm": 4.935, "Income": 2, "Region": null, "density": "Medium Density", "Matched_Ward": "Harare_Ward_6", "Male Population": 11215, "Female Population": 12675, "pop_est": 23890, "Total Households": 7196 }, "geometry": { "type": "MultiPolygon", "coordinates": [ [ [ [ 31.045263410721265, -17.806181530456005 ], [ 31.034668099038146, -17.80834690631065 ], [ 31.02625137585845, -17.809910925068881 ], [ 31.025919136785568, -17.808970758133732 ], [ 31.028060233033031, -17.781396182857041 ], [ 31.02878008435761, -17.780552534071461 ], [ 31.033200709799576, -17.783259226478567 ], [ 31.03435431769153, -17.783549226804123 ], [ 31.036901483916964, -17.784085286772498 ], [ 31.037584419788995, -17.783979832479595 ], [ 31.038308885544904, -17.783438279765459 ], [ 31.040339235434736, -17.784580701419415 ], [ 31.040902196086005, -17.78499372898829 ], [ 31.041096002211859, -17.785547360188886 ], [ 31.040971412559518, -17.78747626818857 ], [ 31.04100140636471, -17.787676187985632 ], [ 31.041188290843209, -17.788150721992508 ], [ 31.041949672051896, -17.789304098002187 ], [ 31.042794113028815, -17.790529963765781 ], [ 31.04340206438787, -17.791514165313043 ], [ 31.0441703672439, -17.792715850471225 ], [ 31.045319360704294, -17.794600744352415 ], [ 31.045497016319651, -17.795292745852727 ], [ 31.045561618361596, -17.79601769692816 ], [ 31.045531624556411, -17.796463650217952 ], [ 31.045483173024952, -17.796722873785672 ], [ 31.04427419195418, -17.801760084133484 ], [ 31.04427419195418, -17.802208219815078 ], [ 31.045263410721265, -17.806181530456005 ] ] ] ] } },
{ "type": "Feature", "properties": { "name": "Milton Park", "area_sqkm": 4.394, "Income": 3, "Region": null, "density": "Medium Density", "Matched_Ward": "Harare_Ward_5", "Male Population": 5894, "Female Population": 6126, "pop_est": 12020, "Total Households": 3230 }, "geometry": { "type": "MultiPolygon", "coordinates": [ [ [ [ 31.030999049137257, -17.819950961784276 ], [ 31.029114630646305, -17.820355670546686 ], [ 31.027767216628504, -17.82046110334344 ], [ 31.026364429431887, -17.820074516117142 ], [ 31.018473751450923, -17.81794827138528 ], [ 31.014856037101758, -17.816946643178515 ], [ 31.013453249905144, -17.816647910869442 ], [ 31.01121986502632, -17.816542475817304 ], [ 31.002673937762733, -17.81657762084161 ], [ 31.003024634561889, -17.816015299621341 ], [ 31.004335133127146, -17.814574343398974 ], [ 31.006070159396639, -17.8125007518133 ], [ 31.007546777498344, -17.811235497644581 ], [ 31.009023395600046, -17.810532574783053 ], [ 31.011422900015301, -17.810251404862697 ], [ 31.012862602664462, -17.810040527131523 ], [ 31.013896235335658, -17.810040527131523 ], [ 31.015299022532268, -17.810005380818751 ], [ 31.016923302444134, -17.809337599560166 ], [ 31.019064398691604, -17.809759356435418 ], [ 31.022165296705175, -17.810286551126975 ], [ 31.023826492069588, -17.810321697384339 ], [ 31.02625137585845, -17.809910925068881 ], [ 31.045263410721265, -17.806181530456005 ], [ 31.047794426436198, -17.816024635046777 ], [ 31.030999049137257, -17.819950961784276 ] ] ] ] } },
{ "type": "Feature", "properties": { "name": "Monavale", "area_sqkm": 2.145, "Income": 3, "Region": null, "density": "Medium Density", "Matched_Ward": "Harare_Ward_5", "Male Population": 5894, "Female Population": 6126, "pop_est": 12020, "Total Households": 3230 }, "geometry": { "type": "MultiPolygon", "coordinates": [ [ [ [ 31.026425702237042, -17.802447229134113 ], [ 31.025919136785568, -17.808970758133732 ], [ 31.02625137585845, -17.809910925068881 ], [ 31.023826492069588, -17.810321697384339 ], [ 31.022165296705175, -17.810286551126975 ], [ 31.016923302444134, -17.809337599560166 ], [ 31.015299022532268, -17.810005380818751 ], [ 31.012862602664462, -17.810040527131523 ], [ 31.009023395600046, -17.810532574783053 ], [ 31.007546777498344, -17.811235497644581 ], [ 31.006070159396639, -17.8125007518133 ], [ 31.006261658306688, -17.811354115604235 ], [ 31.006058623317706, -17.80799763620341 ], [ 31.006206285127874, -17.807558301764008 ], [ 31.00653852420076, -17.806749923568258 ], [ 31.00698150963127, -17.805642790964637 ], [ 31.007885938218564, -17.803393357529252 ], [ 31.008162804112633, -17.802040169066384 ], [ 31.008753451353314, -17.801302061942994 ], [ 31.008938028616026, -17.800616674023185 ], [ 31.009399471772809, -17.800107024889133 ], [ 31.009454844951623, -17.799544651741702 ], [ 31.009990119013484, -17.799368909769687 ], [ 31.010986836232135, -17.79892955408252 ], [ 31.012463454333833, -17.79894712833077 ], [ 31.012664182107038, -17.798742827587937 ], [ 31.013508623083958, -17.799316187144338 ], [ 31.014657616544344, -17.800120205488518 ], [ 31.015206733900911, -17.800423359005755 ], [ 31.017670840358118, -17.800673789783716 ], [ 31.02007034477338, -17.800823169378674 ], [ 31.021740769000925, -17.801324029460989 ], [ 31.022525222367452, -17.801578852472062 ], [ 31.023715745711947, -17.802035775580634 ], [ 31.025312339034411, -17.802369680189273 ], [ 31.026425702237042, -17.802447229134113 ] ] ] ] } },
{ "type": "Feature", "properties": { "name": "Bannock Burn", "area_sqkm": 7.517, "Income": 2, "Region": null, "density": "Low Density", "Matched_Ward": "Harare_Ward_6", "Male Population": 11215, "Female Population": 12675, "pop_est": 23890, "Total Households": 7196 }, "geometry": { "type": "MultiPolygon", "coordinates": [ [ [ [ 31.036763050969849, -17.737639834113214 ], [ 31.035471010130863, -17.740241695837536 ], [ 31.035193788125799, -17.74165283452194 ], [ 31.033915946692591, -17.741595352192011 ], [ 31.033316070588779, -17.741503057765602 ], [ 31.032882314021407, -17.741810705668659 ], [ 31.032116318381142, -17.74148547786946 ], [ 31.031867139076486, -17.741019609992978 ], [ 31.031553357729873, -17.741072349813415 ], [ 31.030851964131564, -17.742408420083695 ], [ 31.026274448016302, -17.742775398166216 ], [ 31.023967232232391, -17.736991560318987 ], [ 31.024133351768832, -17.736657533583731 ], [ 31.023967232232391, -17.727480344957158 ], [ 31.04607958830535, -17.698890919121453 ], [ 31.047666952764668, -17.699031591654133 ], [ 31.056748154090119, -17.703919893697041 ], [ 31.036763050969849, -17.737639834113214 ] ] ] ] } },
{ "type": "Feature", "properties": { "name": "Marlborough", "area_sqkm": 12.093, "Income": 3, "Region": "4", "density": "Medium Density", "Matched_Ward": "Harare_Ward_5", "Male Population": 5894, "Female Population": 6126, "pop_est": 12020, "Total Households": 3230 }, "geometry": { "type": "MultiPolygon", "coordinates": [ [ [ [ 31.026883552983239, -17.751808974760738 ], [ 31.019664274795399, -17.751466186208098 ], [ 31.015215962764024, -17.751237660141587 ], [ 31.010896854816547, -17.751413449449416 ], [ 31.006725408679248, -17.751835343083741 ], [ 31.00270162435212, -17.753558065101963 ], [ 31.000671274462285, -17.755983910845355 ], [ 30.999010079097868, -17.759851133151237 ], [ 30.998659382298705, -17.761011283541482 ], [ 30.986163501613071, -17.756106960115364 ], [ 30.984797629869, -17.756423372135366 ], [ 30.978988060525115, -17.755135747503868 ], [ 30.970792830060699, -17.751690317259129 ], [ 30.967507354784416, -17.742865494466706 ], [ 30.967581185689507, -17.735798290896394 ], [ 30.986924882821768, -17.732668942540151 ], [ 30.992979017038738, -17.737521167221253 ], [ 31.025073914790799, -17.73976586790214 ], [ 31.026274448016302, -17.742775398166216 ], [ 31.030851964131564, -17.742408420083695 ], [ 31.028369399948076, -17.747541649970277 ], [ 31.029412261482403, -17.747945973468735 ], [ 31.026883552983239, -17.751808974760738 ] ] ] ] } },
{ "type": "Feature", "properties": { "name": "Ashbrittle", "area_sqkm": 0.836, "Income": 4, "Region": null, "density": "High Density", "Matched_Ward": "Harare_Ward_6", "Male Population": 11215, "Female Population": 12675, "pop_est": 23890, "Total Households": 7196 }, "geometry": { "type": "MultiPolygon", "coordinates": [ [ [ [ 31.035398580347582, -17.77134147196735 ], [ 31.030019059233592, -17.771039239528609 ], [ 31.030111347864942, -17.769140914152644 ], [ 31.026742812820444, -17.76856965488566 ], [ 31.026945847809429, -17.767260145986228 ], [ 31.026908932356886, -17.766688880710195 ], [ 31.026678210778513, -17.766051698056923 ], [ 31.026272140800543, -17.765216765626235 ], [ 31.026235225348, -17.764671860253433 ], [ 31.02646594692639, -17.763432633788696 ], [ 31.026835101451816, -17.761534227658629 ], [ 31.026720888366693, -17.758793466770886 ], [ 31.030235937517268, -17.759148008040697 ], [ 31.031158823830825, -17.759464414682441 ], [ 31.035398580347582, -17.77134147196735 ] ] ] ] } },
{ "type": "Feature", "properties": { "name": "Greencroft", "area_sqkm": 4.008, "Income": 2, "Region": null, "density": "Medium Density", "Matched_Ward": "Harare_Ward_5", "Male Population": 5894, "Female Population": 6126, "pop_est": 12020, "Total Households": 3230 }, "geometry": { "type": "MultiPolygon", "coordinates": [ [ [ [ 31.02878008435761, -17.780552534071461 ], [ 31.027028907577684, -17.779019016441758 ], [ 31.026327513979375, -17.778676280043054 ], [ 31.025164677224289, -17.7782983904312 ], [ 31.021011688813257, -17.777454727018707 ], [ 31.017495491958602, -17.776848341480694 ], [ 31.018427607135308, -17.767154681764929 ], [ 31.018353776230221, -17.76235599389657 ], [ 31.018132283514966, -17.758313043382515 ], [ 31.017172481748858, -17.752916440982141 ], [ 31.016913614276785, -17.751324874746349 ], [ 31.026883552983239, -17.751808974760738 ], [ 31.026315977900403, -17.753164741000013 ], [ 31.024887811330156, -17.755311532982628 ], [ 31.024809365993512, -17.756941935069253 ], [ 31.02370190241724, -17.757012248571701 ], [ 31.023646529238427, -17.757979056428109 ], [ 31.023923395132503, -17.758488825739676 ], [ 31.026720888366693, -17.758793466770886 ], [ 31.026835101451816, -17.761534227658629 ], [ 31.026235225348, -17.764671860253433 ], [ 31.026272140800543, -17.765216765626235 ], [ 31.026908932356886, -17.766688880710195 ], [ 31.026945847809429, -17.767260145986228 ], [ 31.026742812820444, -17.76856965488566 ], [ 31.030111347864942, -17.769140914152644 ], [ 31.030019059233592, -17.771039239528609 ], [ 31.035398580347582, -17.77134147196735 ], [ 31.038576522575831, -17.781263264497635 ], [ 31.038678040070323, -17.781948726712457 ], [ 31.038308885544904, -17.783438279765459 ], [ 31.037584419788995, -17.783979832479595 ], [ 31.036901483916964, -17.784085286772498 ], [ 31.033200709799576, -17.783259226478567 ], [ 31.02878008435761, -17.780552534071461 ] ] ] ] } },
{ "type": "Feature", "properties": { "name": "Avonlea", "area_sqkm": 4.741, "Income": 4, "Region": null, "density": "High Density", "Matched_Ward": "Harare_Ward_5", "Male Population": 5894, "Female Population": 6126, "pop_est": 12020, "Total Households": 3230 }, "geometry": { "type": "MultiPolygon", "coordinates": [ [ [ [ 30.998659382298705, -17.761011283541482 ], [ 30.999010079097868, -17.759851133151237 ], [ 31.000671274462285, -17.755983910845355 ], [ 31.00270162435212, -17.753558065101963 ], [ 31.006725408679248, -17.751835343083741 ], [ 31.010896854816547, -17.751413449449416 ], [ 31.015215962764024, -17.751237660141587 ], [ 31.016913614276785, -17.751324874746349 ], [ 31.017172481748858, -17.752916440982141 ], [ 31.018132283514966, -17.758313043382515 ], [ 31.018353776230221, -17.76235599389657 ], [ 31.018427607135308, -17.767154681764929 ], [ 31.017495491958602, -17.776848341480694 ], [ 31.014929868006906, -17.776329836272783 ], [ 31.009051082189508, -17.775213726737867 ], [ 31.007998991792043, -17.774958866102743 ], [ 31.006374711880177, -17.774264588735992 ], [ 31.005322621482719, -17.773482424927664 ], [ 31.003495306581868, -17.771302894236541 ], [ 31.001021971261519, -17.768244475718451 ], [ 30.999729930422536, -17.766855866133483 ], [ 30.998585551393717, -17.76599457122536 ], [ 30.99729351055473, -17.765080539438674 ], [ 30.998659382298705, -17.761011283541482 ] ] ] ] } },
{ "type": "Feature", "properties": { "name": "Greencroft", "area_sqkm": 0.792, "Income": 3, "Region": null, "density": "Medium Density", "Matched_Ward": "Harare_Ward_5", "Male Population": 5894, "Female Population": 6126, "pop_est": 12020, "Total Households": 3230 }, "geometry": { "type": "MultiPolygon", "coordinates": [ [ [ [ 31.021494591705356, -17.777552827064138 ], [ 31.02124241039165, -17.781620276396023 ], [ 31.014948325733165, -17.781163301038223 ], [ 31.01304717992722, -17.781075421027712 ], [ 31.011182949573826, -17.781374212887062 ], [ 31.009780162377201, -17.781883915493825 ], [ 31.00795284747635, -17.782903316344616 ], [ 31.007675981582281, -17.781919067344134 ], [ 31.007823643392452, -17.78088208485244 ], [ 31.008995767037064, -17.775200327085724 ], [ 31.010946780140419, -17.77557363286482 ], [ 31.017495491958602, -17.776848341480694 ], [ 31.021494591705356, -17.777552827064138 ] ] ] ] } },
{ "type": "Feature", "properties": { "name": "Strathaven", "area_sqkm": 2.449, "Income": 2, "Region": null, "density": "Medium Density", "Matched_Ward": "Harare_Ward_5", "Male Population": 5894, "Female Population": 6126, "pop_est": 12020, "Total Households": 3230 }, "geometry": { "type": "MultiPolygon", "coordinates": [ [ [ [ 31.02124241039165, -17.781620276396023 ], [ 31.021494591705356, -17.777552827064138 ], [ 31.025164677224289, -17.7782983904312 ], [ 31.027028907577684, -17.779019016441758 ], [ 31.02878008435761, -17.780552534071461 ], [ 31.028060233033031, -17.781396182857041 ], [ 31.026425702237042, -17.802447229134113 ], [ 31.025312339034411, -17.802369680189273 ], [ 31.023715745711947, -17.802035775580634 ], [ 31.022525222367452, -17.801578852472062 ], [ 31.02007034477338, -17.800823169378674 ], [ 31.017670840358118, -17.800673789783716 ], [ 31.015206733900911, -17.800423359005755 ], [ 31.012664182107038, -17.798742827587937 ], [ 31.015220577195649, -17.796220902383102 ], [ 31.016180378961757, -17.794929170795754 ], [ 31.016143463509213, -17.793066248916581 ], [ 31.016355727361329, -17.792073268463156 ], [ 31.015986572835903, -17.790860594578174 ], [ 31.019567371732528, -17.791247245117045 ], [ 31.019945755121082, -17.790087290988609 ], [ 31.020665606445654, -17.788206743285084 ], [ 31.020757895077011, -17.78764433264833 ], [ 31.02124241039165, -17.781620276396023 ] ] ] ] } },
{ "type": "Feature", "properties": { "name": "Mayfield", "area_sqkm": 2.56, "Income": 3, "Region": null, "density": "Medium Density", "Matched_Ward": "Harare_Ward_5", "Male Population": 5894, "Female Population": 6126, "pop_est": 12020, "Total Households": 3230 }, "geometry": { "type": "MultiPolygon", "coordinates": [ [ [ [ 31.00795284747635, -17.782903316344616 ], [ 31.009780162377201, -17.781883915493825 ], [ 31.011182949573826, -17.781374212887062 ], [ 31.01304717992722, -17.781075421027712 ], [ 31.02124241039165, -17.781620276396023 ], [ 31.020665606445654, -17.788206743285084 ], [ 31.019567371732528, -17.791247245117045 ], [ 31.015986572835903, -17.790860594578174 ], [ 31.016355727361329, -17.792073268463156 ], [ 31.016143463509213, -17.793066248916581 ], [ 31.016180378961757, -17.794929170795754 ], [ 31.015220577195649, -17.796220902383102 ], [ 31.012664182107038, -17.798742827587937 ], [ 31.01172091538746, -17.798051571727264 ], [ 31.010994911487455, -17.79766493592582 ], [ 31.010318128190846, -17.797553631524686 ], [ 31.009330639835337, -17.79739253292642 ], [ 31.008623093661605, -17.797146491150269 ], [ 31.00799553096838, -17.796724704459212 ], [ 31.00722030646498, -17.796086164377527 ], [ 31.006331259316248, -17.795131279075903 ], [ 31.00571600177387, -17.794234971047089 ], [ 31.005193032862856, -17.793227351419265 ], [ 31.004485486689124, -17.792038118611348 ], [ 31.002684320233826, -17.790100472327826 ], [ 31.001530712341879, -17.789002024052973 ], [ 31.005913268723408, -17.784665284270563 ], [ 31.007011503436544, -17.783619529842394 ], [ 31.00795284747635, -17.782903316344616 ] ] ] ] } },
{ "type": "Feature", "properties": { "name": "Meyrick Park", "area_sqkm": 1.997, "Income": 4, "Region": null, "density": "High Density", "Matched_Ward": "Harare_Ward_5", "Male Population": 5894, "Female Population": 6126, "pop_est": 12020, "Total Households": 3230 }, "geometry": { "type": "MultiPolygon", "coordinates": [ [ [ [ 31.001530712341879, -17.789002024052973 ], [ 31.002684320233826, -17.790100472327826 ], [ 31.004485486689124, -17.792038118611348 ], [ 31.005193032862856, -17.793227351419265 ], [ 31.00571600177387, -17.794234971047089 ], [ 31.006331259316248, -17.795131279075903 ], [ 31.00722030646498, -17.796086164377527 ], [ 31.00799553096838, -17.796724704459212 ], [ 31.008623093661605, -17.797146491150269 ], [ 31.009330639835337, -17.79739253292642 ], [ 31.010994911487455, -17.79766493592582 ], [ 31.01172091538746, -17.798051571727264 ], [ 31.012664182107038, -17.798742827587937 ], [ 31.012463454333833, -17.79894712833077 ], [ 31.010986836232135, -17.79892955408252 ], [ 31.009990119013484, -17.799368909769687 ], [ 31.009454844951623, -17.799544651741702 ], [ 31.009399471772809, -17.800107024889133 ], [ 31.008938028616026, -17.800616674023185 ], [ 31.008753451353314, -17.801302061942994 ], [ 31.008162804112633, -17.802040169066384 ], [ 31.007885938218564, -17.803393357529252 ], [ 31.00653852420076, -17.806749923568258 ], [ 31.006058623317706, -17.80799763620341 ], [ 31.006261658306688, -17.811354115604235 ], [ 31.006070159396639, -17.8125007518133 ], [ 31.004335133127146, -17.814574343398974 ], [ 31.003024634561889, -17.816015299621341 ], [ 31.002673937762733, -17.81657762084161 ], [ 31.00196908334085, -17.816527099866931 ], [ 31.00201830394424, -17.809697118070339 ], [ 31.001710675173051, -17.808736447845654 ], [ 31.000074090110342, -17.803933019113114 ], [ 30.998763591545082, -17.7984440647902 ], [ 30.998283690662031, -17.79603636987148 ], [ 30.998259080360338, -17.795081484303481 ], [ 30.998658997762881, -17.792843634309929 ], [ 31.000037174657798, -17.790523739259537 ], [ 31.001530712341879, -17.789002024052973 ] ] ] ] } },
{ "type": "Feature", "properties": { "name": "Malbelreign", "area_sqkm": 5.405, "Income": 3, "Region": "4", "density": "Medium Density", "Matched_Ward": "Harare_Ward_5", "Male Population": 5894, "Female Population": 6126, "pop_est": 12020, "Total Households": 3230 }, "geometry": { "type": "MultiPolygon", "coordinates": [ [ [ [ 31.00196908334085, -17.816527099866931 ], [ 30.999524972753768, -17.816540279253047 ], [ 30.998657459619018, -17.816393841575398 ], [ 30.996627109729175, -17.815708511645305 ], [ 30.992935564474916, -17.814484283248394 ], [ 30.988659524555413, -17.813049172272294 ], [ 30.987644349610491, -17.812680141868686 ], [ 30.985724746078276, -17.812070947150506 ], [ 30.986247714989297, -17.809956322412241 ], [ 30.986389224224038, -17.808702765716475 ], [ 30.986340003620654, -17.80781824143801 ], [ 30.986155426357936, -17.805457535962397 ], [ 30.985773966681663, -17.803547860537527 ], [ 30.985527863664711, -17.802856623290094 ], [ 30.984531146446066, -17.800044783156604 ], [ 30.984002024959622, -17.798345941605394 ], [ 30.983903583752831, -17.796975140427243 ], [ 30.984112771317239, -17.795616045105113 ], [ 30.984814164915548, -17.794303805319949 ], [ 30.985687830625722, -17.793272753007393 ], [ 30.992418748139315, -17.784461699504647 ], [ 30.993292413849481, -17.78323725673766 ], [ 30.994190689861352, -17.782698264916657 ], [ 30.99476287937577, -17.782247150946777 ], [ 30.995808817197808, -17.781719873434209 ], [ 30.996571736550354, -17.781602700442296 ], [ 30.997543843467305, -17.781708156138475 ], [ 30.998737443099522, -17.781778459901343 ], [ 31.000118696282154, -17.781875127530121 ], [ 31.000961599115207, -17.782050886721148 ], [ 31.001736823618604, -17.782484425319716 ], [ 31.002419759490643, -17.782951649861168 ], [ 31.003158068541492, -17.78344377219468 ], [ 31.003434934435564, -17.783631247012732 ], [ 31.003631816849129, -17.783613671256894 ], [ 31.003871767290651, -17.783373469087184 ], [ 31.004394736201675, -17.782647002022912 ], [ 31.004653144369474, -17.782400939928124 ], [ 31.00504075662117, -17.782248615604377 ], [ 31.005416063722016, -17.782260332864652 ], [ 31.007011503436544, -17.783619529842394 ], [ 31.001530712341879, -17.789002024052973 ], [ 31.000037174657798, -17.790523739259537 ], [ 30.998658997762881, -17.792843634309929 ], [ 30.998259080360338, -17.795081484303481 ], [ 30.998283690662031, -17.79603636987148 ], [ 31.000074090110342, -17.803933019113114 ], [ 31.00201830394424, -17.809697118070339 ], [ 31.00196908334085, -17.816527099866931 ] ] ] ] } },
{ "type": "Feature", "properties": { "name": "Adylinn", "area_sqkm": 1.262, "Income": 3, "Region": "5", "density": "Medium Density", "Matched_Ward": "Harare_Ward_5", "Male Population": 5894, "Female Population": 6126, "pop_est": 12020, "Total Households": 3230 }, "geometry": { "type": "MultiPolygon", "coordinates": [ [ [ [ 30.998659382298705, -17.761011283541482 ], [ 30.99729351055473, -17.765080539438674 ], [ 30.995461196686374, -17.764707015488781 ], [ 30.992317230644833, -17.764115234771158 ], [ 30.979950554043082, -17.761830122532125 ], [ 30.980282793115968, -17.76124419161431 ], [ 30.980405844624443, -17.760669977452697 ], [ 30.980258182814271, -17.759755918454186 ], [ 30.978988060525115, -17.755135747503868 ], [ 30.984797629869, -17.756423372135366 ], [ 30.986163501613071, -17.756106960115364 ], [ 30.998659382298705, -17.761011283541482 ] ] ] ] } },
{ "type": "Feature", "properties": { "name": "Bluff Hill", "area_sqkm": 11.624, "Income": 3, "Region": null, "density": "Medium Density", "Matched_Ward": "Harare_Ward_5", "Male Population": 5894, "Female Population": 6126, "pop_est": 12020, "Total Households": 3230 }, "geometry": { "type": "MultiPolygon", "coordinates": [ [ [ [ 30.99729351055473, -17.765080539438674 ], [ 30.996221039751219, -17.768301601831133 ], [ 30.995565790468607, -17.770261455874508 ], [ 30.995215093669444, -17.771392243799291 ], [ 30.995067431859272, -17.772118756619317 ], [ 30.995030516406739, -17.77269293401713 ], [ 30.995030516406739, -17.773360852342936 ], [ 30.995178178216907, -17.775306003774698 ], [ 30.995485806988103, -17.777544073506128 ], [ 30.995375060630469, -17.778680674103555 ], [ 30.995018211255896, -17.780309398438831 ], [ 30.994181460998266, -17.782008411599172 ], [ 30.993292413849481, -17.78323725673766 ], [ 30.98855550904754, -17.789518894759912 ], [ 30.984737257722792, -17.787093637183627 ], [ 30.981987056508363, -17.785084170181278 ], [ 30.981267205183784, -17.784814677260506 ], [ 30.977944814454961, -17.785875070970608 ], [ 30.973071974719339, -17.785218916489189 ], [ 30.960643772363341, -17.784984575018793 ], [ 30.956447715924341, -17.780356267984128 ], [ 30.953137630346362, -17.768790834972187 ], [ 30.953088409742971, -17.767607298608514 ], [ 30.953248376703989, -17.766775303010085 ], [ 30.956607682885366, -17.760916069462002 ], [ 30.957247550729434, -17.758853573579664 ], [ 30.956952227109095, -17.756744178195415 ], [ 30.95579554292944, -17.755501967056354 ], [ 30.955327947197233, -17.754892577306801 ], [ 30.968469848302384, -17.759791074655926 ], [ 30.974204048597365, -17.760857476157184 ], [ 30.979950554043082, -17.761830122532125 ], [ 30.992317230644833, -17.764115234771158 ], [ 30.995461196686374, -17.764707015488781 ], [ 30.99729351055473, -17.765080539438674 ] ] ] ] } },
{ "type": "Feature", "properties": { "name": "Good Hope", "area_sqkm": 3.711, "Income": 3, "Region": null, "density": "Medium Density", "Matched_Ward": "Harare_Ward_5", "Male Population": 5894, "Female Population": 6126, "pop_est": 12020, "Total Households": 3230 }, "geometry": { "type": "MultiPolygon", "coordinates": [ [ [ [ 30.957332511042136, -17.755639764834545 ], [ 30.958405773052853, -17.751233265406555 ], [ 30.959119471802016, -17.738341578694431 ], [ 30.961383619557974, -17.732715824566487 ], [ 30.962663355246125, -17.731778181703806 ], [ 30.96756640165453, -17.737213462946304 ], [ 30.967507354784416, -17.742865494466706 ], [ 30.970792830060699, -17.751690317259129 ], [ 30.978988060525115, -17.755135747503868 ], [ 30.980258182814271, -17.759755918454186 ], [ 30.980405844624443, -17.760669977452697 ], [ 30.980282793115968, -17.76124419161431 ], [ 30.979950554043082, -17.761830122532125 ], [ 30.968469848302384, -17.759791074655926 ], [ 30.957332511042136, -17.755639764834545 ] ] ] ] } },
{ "type": "Feature", "properties": { "name": "Ashdown Park", "area_sqkm": 1.463, "Income": 4, "Region": null, "density": "Medium Density", "Matched_Ward": "Harare_Ward_5", "Male Population": 5894, "Female Population": 6126, "pop_est": 12020, "Total Households": 3230 }, "geometry": { "type": "MultiPolygon", "coordinates": [ [ [ [ 30.976725126998296, -17.785710833619923 ], [ 30.977944814454961, -17.785875070970608 ], [ 30.981267205183784, -17.784814677260506 ], [ 30.981987056508363, -17.785084170181278 ], [ 30.98855550904754, -17.789518894759912 ], [ 30.984814164915548, -17.794303805319949 ], [ 30.984112771317239, -17.795616045105113 ], [ 30.983903583752831, -17.796975140427243 ], [ 30.984002024959622, -17.798345941605394 ], [ 30.984072542877488, -17.798572353244751 ], [ 30.981896306020921, -17.799891009371777 ], [ 30.980665790936161, -17.800265924272654 ], [ 30.978549304990374, -17.799984738170831 ], [ 30.977810995939521, -17.79914117720708 ], [ 30.976925025078494, -17.797313448107033 ], [ 30.976285157234415, -17.794407788958633 ], [ 30.976482039647983, -17.791689548873581 ], [ 30.976482039647983, -17.788361991742821 ], [ 30.976725126998296, -17.785710833619923 ] ] ] ] } },
{ "type": "Feature", "properties": { "name": "Bloomingdale", "area_sqkm": 3.184, "Income": 4, "Region": null, "density": "Medium Density", "Matched_Ward": "Harare_Ward_5", "Male Population": 5894, "Female Population": 6126, "pop_est": 12020, "Total Households": 3230 }, "geometry": { "type": "MultiPolygon", "coordinates": [ [ [ [ 30.969068659537374, -17.785143431529882 ], [ 30.973071974719339, -17.785218916489189 ], [ 30.976725126998296, -17.785710833619923 ], [ 30.976482039647983, -17.788361991742821 ], [ 30.976482039647983, -17.791689548873581 ], [ 30.976285157234415, -17.794407788958633 ], [ 30.976925025078494, -17.797313448107033 ], [ 30.977810995939521, -17.79914117720708 ], [ 30.978549304990374, -17.799984738170831 ], [ 30.980665790936161, -17.800265924272654 ], [ 30.981896306020921, -17.799891009371777 ], [ 30.984072542877488, -17.798572353244751 ], [ 30.985773966681663, -17.803547860537527 ], [ 30.986155426357936, -17.805457535962397 ], [ 30.986389224224038, -17.808702765716475 ], [ 30.986247714989297, -17.809956322412241 ], [ 30.985724746078276, -17.812070947150506 ], [ 30.98331139836845, -17.811592083495611 ], [ 30.979115341929425, -17.809869921007142 ], [ 30.973793364187841, -17.805675741439234 ], [ 30.969769579860667, -17.801721641069431 ], [ 30.968440623569126, -17.800432878311007 ], [ 30.967222413635216, -17.79940186140287 ], [ 30.965893457343682, -17.79855829768394 ], [ 30.969068659537374, -17.785143431529882 ] ] ] ] } },
{ "type": "Feature", "properties": { "name": "Belvedere", "area_sqkm": 10.346, "Income": 3, "Region": null, "density": "Medium Density", "Matched_Ward": "Harare_Ward_5", "Male Population": 5894, "Female Population": 6126, "pop_est": 12020, "Total Households": 3230 }, "geometry": { "type": "MultiPolygon", "coordinates": [ [ [ [ 31.028288070591199, -17.8375025064875 ], [ 31.019925374715484, -17.835548332642901 ], [ 31.01980232320701, -17.836011025550036 ], [ 31.01937779550277, -17.83716775255802 ], [ 31.019168607938362, -17.837346385679311 ], [ 31.018657944178184, -17.83756308791374 ], [ 31.008386219508154, -17.840005362427178 ], [ 31.003771787940316, -17.841024431094677 ], [ 31.002442831648779, -17.841282125695699 ], [ 31.001606081391138, -17.841223558773677 ], [ 31.000498617814856, -17.840872156836912 ], [ 30.996782462258889, -17.839243985477566 ], [ 30.993743089999537, -17.837791503496963 ], [ 30.993029391250385, -17.838365469566632 ], [ 30.99285711913852, -17.839185417885023 ], [ 30.992709457328342, -17.839583677134303 ], [ 30.992241861596138, -17.840122497053503 ], [ 30.991897317372405, -17.840801876366321 ], [ 30.991725045260541, -17.841668666897771 ], [ 30.99123283922664, -17.843402235298498 ], [ 30.990396088969007, -17.843495941217565 ], [ 30.990165367390627, -17.839815018495049 ], [ 30.990245350871135, -17.838977502775947 ], [ 30.991002117648264, -17.835070996295268 ], [ 30.991315898994877, -17.833624337218403 ], [ 30.991322051570307, -17.83102969251345 ], [ 30.991371272173691, -17.829729427451785 ], [ 30.991949614263532, -17.827843440540875 ], [ 30.992158801827944, -17.826414294305454 ], [ 30.991568154587263, -17.825078852216734 ], [ 30.991383577324552, -17.824832848635015 ], [ 30.986744535455006, -17.82543028531574 ], [ 30.986258481996529, -17.825541572319263 ], [ 30.986089286172373, -17.824633702629647 ], [ 30.986107743898639, -17.824247124454455 ], [ 30.98619387995457, -17.824053835052371 ], [ 30.986526119027474, -17.823749257387245 ], [ 30.986772222044422, -17.823432964645541 ], [ 30.990451462147853, -17.818202338464349 ], [ 30.992912955913262, -17.814476695464915 ], [ 30.996627109729175, -17.815708511645305 ], [ 30.998657459619018, -17.816393841575398 ], [ 30.999524972753768, -17.816540279253047 ], [ 31.00196908334085, -17.816527099866931 ], [ 31.002673937762733, -17.81657762084161 ], [ 31.01121986502632, -17.816542475817304 ], [ 31.013453249905144, -17.816647910869442 ], [ 31.014856037101758, -17.816946643178515 ], [ 31.018473751450923, -17.81794827138528 ], [ 31.027767216628504, -17.82046110334344 ], [ 31.029114630646305, -17.820355670546686 ], [ 31.030999049137257, -17.819950961784276 ], [ 31.032925574316859, -17.828295354401618 ], [ 31.032510275475747, -17.830482974674617 ], [ 31.031605846888453, -17.831203389928337 ], [ 31.028288070591199, -17.8375025064875 ] ] ] ] } },
{ "type": "Feature", "properties": { "name": "Ridgeview", "area_sqkm": 4.328, "Income": 4, "Region": null, "density": "Medium Density", "Matched_Ward": "Harare_Ward_5", "Male Population": 5894, "Female Population": 6126, "pop_est": 12020, "Total Households": 3230 }, "geometry": { "type": "MultiPolygon", "coordinates": [ [ [ [ 30.990396088969007, -17.843495941217565 ], [ 30.99123283922664, -17.843402235298498 ], [ 30.991725045260541, -17.841668666897771 ], [ 30.991897317372405, -17.840801876366321 ], [ 30.992241861596138, -17.840122497053503 ], [ 30.992709457328342, -17.839583677134303 ], [ 30.99285711913852, -17.839185417885023 ], [ 30.993029391250385, -17.838365469566632 ], [ 30.993743089999537, -17.837791503496963 ], [ 30.996782462258889, -17.839243985477566 ], [ 31.000498617814856, -17.840872156836912 ], [ 31.001606081391138, -17.841223558773677 ], [ 31.002442831648779, -17.841282125695699 ], [ 31.018657944178184, -17.83756308791374 ], [ 31.019168607938362, -17.837346385679311 ], [ 31.01937779550277, -17.83716775255802 ], [ 31.019925374715484, -17.835548332642901 ], [ 31.028288070591199, -17.8375025064875 ], [ 31.025390207566613, -17.843568599874267 ], [ 31.025720542402674, -17.845017046361814 ], [ 31.022018788503551, -17.845873712404767 ], [ 31.014389594978045, -17.847618952813594 ], [ 31.010548080698797, -17.848503279507828 ], [ 31.00861847923052, -17.849211908983474 ], [ 31.00556372553261, -17.85030705807776 ], [ 30.993689254964689, -17.850810707269989 ], [ 30.993861527076561, -17.85213424369951 ], [ 30.993504677701981, -17.851981978947787 ], [ 30.99217572141044, -17.851712587144725 ], [ 30.988767194625662, -17.851326067758237 ], [ 30.989136349151096, -17.850049376544369 ], [ 30.988311904044313, -17.847689230592366 ], [ 30.987044473507002, -17.846974738548202 ], [ 30.98659533550105, -17.846441795893227 ], [ 30.986459978841726, -17.846277813216748 ], [ 30.987272118797662, -17.845785864280728 ], [ 30.987493611512917, -17.845446184459817 ], [ 30.987715104228172, -17.845422758241376 ], [ 30.987936596943431, -17.845375905795237 ], [ 30.987899681490894, -17.845575028606135 ], [ 30.988145784507843, -17.845610167902578 ], [ 30.988293446318007, -17.845481323781705 ], [ 30.988785652351915, -17.845727298840618 ], [ 30.989228637782425, -17.845645307192083 ], [ 30.989720843816333, -17.845223635260101 ], [ 30.990114608643456, -17.844837101778129 ], [ 30.990040777738368, -17.844532559655615 ], [ 30.99028688075532, -17.84392347384729 ], [ 30.990396088969007, -17.843495941217565 ] ] ] ] } },
{ "type": "Feature", "properties": { "name": "Tynwald", "area_sqkm": 16.533, "Income": 4, "Region": null, "density": "High Density", "Matched_Ward": "Harare_Ward_5", "Male Population": 5894, "Female Population": 6126, "pop_est": 12020, "Total Households": 3230 }, "geometry": { "type": "MultiPolygon", "coordinates": [ [ [ [ 30.973793364187841, -17.805675741439234 ], [ 30.964252257849669, -17.815976493534663 ], [ 30.962917148982701, -17.817481870647502 ], [ 30.961323631947938, -17.821008034976106 ], [ 30.96113905468523, -17.821453193619845 ], [ 30.961089834081836, -17.821921780464692 ], [ 30.948354002954591, -17.820820599425058 ], [ 30.948873895577915, -17.819365038515247 ], [ 30.948172501979599, -17.814679047419734 ], [ 30.947680295945705, -17.811187903997041 ], [ 30.947163479610101, -17.809102557535873 ], [ 30.944923942155857, -17.802787792316288 ], [ 30.942549048042277, -17.801780220973775 ], [ 30.938820587335456, -17.79773816246805 ], [ 30.937885395871046, -17.792067410155315 ], [ 30.936064233545597, -17.784896696888428 ], [ 30.936519524126961, -17.784135084611616 ], [ 30.940100323023618, -17.780104344033997 ], [ 30.940371036342263, -17.777174969695466 ], [ 30.940309510588033, -17.77384128327985 ], [ 30.939915745760892, -17.772985880958778 ], [ 30.939165131559193, -17.77191369281622 ], [ 30.936525676702392, -17.769470485976541 ], [ 30.934335359851538, -17.767548707496108 ], [ 30.9342492237956, -17.767214737787612 ], [ 30.93448917423714, -17.76490622835933 ], [ 30.934544547415953, -17.764472647122165 ], [ 30.934458411360026, -17.763875006396503 ], [ 30.933935442449005, -17.760875054150794 ], [ 30.947717211398309, -17.75819146048455 ], [ 30.948129433951713, -17.751704966337694 ], [ 30.955327947197233, -17.754892577306801 ], [ 30.956952227109095, -17.756744178195415 ], [ 30.957247550729434, -17.758853573579664 ], [ 30.956607682885366, -17.760916069462002 ], [ 30.953248376703989, -17.766775303010085 ], [ 30.953088409742971, -17.767607298608514 ], [ 30.953137630346362, -17.768790834972187 ], [ 30.956447715924341, -17.780356267984128 ], [ 30.960643772363341, -17.784984575018793 ], [ 30.969068659537374, -17.785143431529882 ], [ 30.968140765529117, -17.789063781832837 ], [ 30.965893457343682, -17.79855829768394 ], [ 30.967222413635216, -17.79940186140287 ], [ 30.968440623569126, -17.800432878311007 ], [ 30.973793364187841, -17.805675741439234 ] ] ] ] } },
{ "type": "Feature", "properties": { "name": "Westlea", "area_sqkm": 4.181, "Income": 4, "Region": null, "density": "Medium Density", "Matched_Ward": "Harare_Ward_5", "Male Population": 5894, "Female Population": 6126, "pop_est": 12020, "Total Households": 3230 }, "geometry": { "type": "MultiPolygon", "coordinates": [ [ [ [ 30.986258481996529, -17.825541572319263 ], [ 30.983377538554663, -17.825588429984315 ], [ 30.982171633771596, -17.825424428103254 ], [ 30.965485849222272, -17.822308363684282 ], [ 30.961089834081836, -17.821921780464692 ], [ 30.96113905468523, -17.821453193619845 ], [ 30.962917148982701, -17.817481870647502 ], [ 30.973793364187841, -17.805675741439234 ], [ 30.979115341929425, -17.809869921007142 ], [ 30.98331139836845, -17.811592083495611 ], [ 30.985724746078276, -17.812070947150506 ], [ 30.987644349610491, -17.812680141868686 ], [ 30.988659524555413, -17.813049172272294 ], [ 30.992912955913262, -17.814476695464915 ], [ 30.986772222044422, -17.823432964645541 ], [ 30.986526119027474, -17.823749257387245 ], [ 30.98619387995457, -17.824053835052371 ], [ 30.986107743898639, -17.824247124454455 ], [ 30.986089286172373, -17.824633702629647 ], [ 30.986258481996529, -17.825541572319263 ] ] ] ] } },
{ "type": "Feature", "properties": { "name": "Warren Park", "area_sqkm": 9.762, "Income": 4, "Region": null, "density": "High Density", "Matched_Ward": "Harare_Ward_5", "Male Population": 5894, "Female Population": 6126, "pop_est": 12020, "Total Households": 3230 }, "geometry": { "type": "MultiPolygon", "coordinates": [ [ [ [ 30.986459978841726, -17.846277813216748 ], [ 30.983980490946273, -17.845030368624219 ], [ 30.980978034139458, -17.843741919020555 ], [ 30.979519873764026, -17.843349525697537 ], [ 30.978603140025879, -17.84346665812334 ], [ 30.977095759047049, -17.843501797836048 ], [ 30.975569920341954, -17.84427486976049 ], [ 30.973305772585995, -17.845750725019141 ], [ 30.971681492674112, -17.846711195676704 ], [ 30.970795521813088, -17.848280734130618 ], [ 30.968654425565603, -17.8488195277214 ], [ 30.966014970708791, -17.848986436274522 ], [ 30.963923095064704, -17.849970315090133 ], [ 30.962397256359605, -17.851422697683745 ], [ 30.962052712135872, -17.851797504170317 ], [ 30.960010057095172, -17.851797504170321 ], [ 30.958508828691766, -17.851165017766188 ], [ 30.957733604188391, -17.851586675618776 ], [ 30.955518677035823, -17.849068426383617 ], [ 30.955038776152769, -17.84844764318915 ], [ 30.954900343205736, -17.848154820175854 ], [ 30.954648087613357, -17.847387621595914 ], [ 30.954432747473525, -17.846497432838582 ], [ 30.954020524920132, -17.844810747192138 ], [ 30.95255005939384, -17.838784229358396 ], [ 30.955478685295564, -17.835035854918701 ], [ 30.956758420983714, -17.831263973497574 ], [ 30.958554973007459, -17.826437723024874 ], [ 30.957964325766785, -17.82393083259662 ], [ 30.957200519137658, -17.821585498470949 ], [ 30.961089834081836, -17.821921780464692 ], [ 30.965485849222272, -17.822308363684282 ], [ 30.982171633771596, -17.825424428103254 ], [ 30.983377538554663, -17.825588429984315 ], [ 30.986258481996529, -17.825541572319263 ], [ 30.986744535455006, -17.82543028531574 ], [ 30.991383577324552, -17.824832848635015 ], [ 30.991568154587263, -17.825078852216734 ], [ 30.992158801827944, -17.826414294305454 ], [ 30.991949614263532, -17.827843440540875 ], [ 30.991371272173691, -17.829729427451785 ], [ 30.991315898994877, -17.833624337218403 ], [ 30.990245350871135, -17.838977502775947 ], [ 30.990165367390627, -17.839815018495049 ], [ 30.990396088969007, -17.843495941217565 ], [ 30.99028688075532, -17.84392347384729 ], [ 30.990040777738368, -17.844532559655615 ], [ 30.990114608643456, -17.844837101778129 ], [ 30.989720843816333, -17.845223635260101 ], [ 30.989228637782425, -17.845645307192083 ], [ 30.988785652351915, -17.845727298840618 ], [ 30.988293446318007, -17.845481323781705 ], [ 30.988145784507843, -17.845610167902578 ], [ 30.987899681490894, -17.845575028606135 ], [ 30.987936596943431, -17.845375905795237 ], [ 30.987715104228172, -17.845422758241376 ], [ 30.987493611512917, -17.845446184459817 ], [ 30.987272118797662, -17.845785864280728 ], [ 30.986459978841726, -17.846277813216748 ] ] ] ] } },
{ "type": "Feature", "properties": { "name": "Cold Comfort", "area_sqkm": 3.917, "Income": 4, "Region": null, "density": "High Density", "Matched_Ward": "Harare_Ward_5", "Male Population": 5894, "Female Population": 6126, "pop_est": 12020, "Total Households": 3230 }, "geometry": { "type": "MultiPolygon", "coordinates": [ [ [ [ 30.948354002954591, -17.820820599425058 ], [ 30.957200519137658, -17.821585498470949 ], [ 30.957964325766785, -17.82393083259662 ], [ 30.958554973007459, -17.826437723024874 ], [ 30.955478685295564, -17.835035854918701 ], [ 30.95255005939384, -17.838784229358396 ], [ 30.954020524920132, -17.844810747192138 ], [ 30.954432747473525, -17.846497432838582 ], [ 30.954519403757043, -17.846855659431629 ], [ 30.95115419384457, -17.845786596348823 ], [ 30.947431885713179, -17.844624068761831 ], [ 30.946444397357656, -17.844152613344487 ], [ 30.945807605801292, -17.843830500229444 ], [ 30.945324628630527, -17.843619662238485 ], [ 30.944780125705524, -17.843525956384564 ], [ 30.944244851643649, -17.84344982034192 ], [ 30.943488084866527, -17.843484960057957 ], [ 30.942577503703806, -17.84366651514695 ], [ 30.941513108155473, -17.843865639870312 ], [ 30.941353141194462, -17.84260060842815 ], [ 30.940947071216488, -17.840041234914914 ], [ 30.94082401970801, -17.838811316933398 ], [ 30.940885545462251, -17.837839090040156 ], [ 30.940983986669035, -17.836995708194159 ], [ 30.941236242261411, -17.836000043928749 ], [ 30.941765363747866, -17.8346148899704 ], [ 30.942506749086427, -17.832925163260342 ], [ 30.942912819064411, -17.83149605779348 ], [ 30.942962039667794, -17.830635074784691 ], [ 30.942955887092374, -17.829733088121454 ], [ 30.942722089226272, -17.827841244116112 ], [ 30.942463681058481, -17.82634766886849 ], [ 30.942328324399156, -17.825287515703067 ], [ 30.942199120315259, -17.824895081716253 ], [ 30.941906872982631, -17.82402528091858 ], [ 30.941519260730928, -17.823038330090565 ], [ 30.941400823654028, -17.822550709934088 ], [ 30.941314687598094, -17.821841974354843 ], [ 30.941376213352331, -17.821238668293947 ], [ 30.941819198782841, -17.819996905702325 ], [ 30.944132567142191, -17.820465496375899 ], [ 30.948354002954591, -17.820820599425058 ] ] ] ] } },
{ "type": "Feature", "properties": { "name": "Dzivarasekwa", "area_sqkm": 9.567, "Income": 5, "Region": null, "density": "High Density", "Matched_Ward": "Harare_Ward_5", "Male Population": 5894, "Female Population": 6126, "pop_est": 12020, "Total Households": 3230 }, "geometry": { "type": "MultiPolygon", "coordinates": [ [ [ [ 30.936064233545597, -17.784896696888428 ], [ 30.937885395871046, -17.792067410155315 ], [ 30.938820587335456, -17.79773816246805 ], [ 30.942549048042277, -17.801780220973775 ], [ 30.944923942155857, -17.802787792316288 ], [ 30.942109907971673, -17.802597408632497 ], [ 30.941666922541163, -17.802696993969462 ], [ 30.940633289869972, -17.8030719029748 ], [ 30.939415079936058, -17.80314219832561 ], [ 30.938110733946214, -17.802696993969459 ], [ 30.937680053666551, -17.803435095322516 ], [ 30.937237068236033, -17.8037865710841 ], [ 30.935908111944489, -17.804794131096482 ], [ 30.931952005947, -17.807629327572297 ], [ 30.930389251789357, -17.808783309928533 ], [ 30.928352749324073, -17.81024188608221 ], [ 30.926676172521095, -17.811442712918328 ], [ 30.924787331865986, -17.81277532835605 ], [ 30.924479703094796, -17.813138500946312 ], [ 30.924153616597337, -17.813571964037386 ], [ 30.923919818731228, -17.813829698348751 ], [ 30.923470680725298, -17.814192868791551 ], [ 30.920111374543911, -17.81657103115074 ], [ 30.919286929437128, -17.817566803997025 ], [ 30.918720892498133, -17.817262215246267 ], [ 30.907769308243775, -17.800356723857057 ], [ 30.904188509347129, -17.793994783164237 ], [ 30.908602982213704, -17.790059463714151 ], [ 30.910429528042638, -17.788485751030088 ], [ 30.911911529647845, -17.787176388073767 ], [ 30.916644398292597, -17.782964099401664 ], [ 30.918668595607027, -17.781065900691058 ], [ 30.922593938727402, -17.781628332041294 ], [ 30.928648072944412, -17.782378237753957 ], [ 30.932684162422415, -17.782776623883436 ], [ 30.935268244100403, -17.783526524775809 ], [ 30.936064233545597, -17.784896696888428 ] ] ] ] } },
{ "type": "Feature", "properties": { "name": "Kuwadzana 3", "area_sqkm": 3.807, "Income": 5, "Region": null, "density": "High Density", "Matched_Ward": "Harare_Ward_5", "Male Population": 5894, "Female Population": 6126, "pop_est": 12020, "Total Households": 3230 }, "geometry": { "type": "MultiPolygon", "coordinates": [ [ [ [ 30.919286929437128, -17.817566803997025 ], [ 30.920111374543911, -17.81657103115074 ], [ 30.923919818731228, -17.813829698348751 ], [ 30.924787331865986, -17.81277532835605 ], [ 30.926676172521095, -17.811442712918328 ], [ 30.928352749324073, -17.81024188608221 ], [ 30.931952005947, -17.807629327572297 ], [ 30.937680053666551, -17.803435095322516 ], [ 30.938110733946214, -17.802696993969459 ], [ 30.939415079936058, -17.80314219832561 ], [ 30.940633289869972, -17.8030719029748 ], [ 30.941666922541163, -17.802696993969462 ], [ 30.942109907971673, -17.802597408632497 ], [ 30.944923942155857, -17.802787792316288 ], [ 30.947163479610101, -17.809102557535873 ], [ 30.947680295945705, -17.811187903997041 ], [ 30.948873895577915, -17.819365038515247 ], [ 30.948354002954591, -17.820820599425058 ], [ 30.944132567142191, -17.820465496375899 ], [ 30.941819198782841, -17.819996905702325 ], [ 30.941100885602228, -17.81976773512757 ], [ 30.940310279660263, -17.819433863091824 ], [ 30.938301463784395, -17.818503996889017 ], [ 30.937064796124211, -17.817927038097867 ], [ 30.936308029347078, -17.817628307431661 ], [ 30.93554818628224, -17.817446725801691 ], [ 30.93491447101357, -17.81736179239515 ], [ 30.934320747485174, -17.81735007743935 ], [ 30.933496302378391, -17.817437939589094 ], [ 30.932708772724144, -17.817613663758674 ], [ 30.931853564740241, -17.817965111578172 ], [ 30.930887610398702, -17.81839856293464 ], [ 30.930155453923273, -17.818688506159098 ], [ 30.929340237679622, -17.818937446935124 ], [ 30.92743601558595, -17.819414826509515 ], [ 30.926082448992716, -17.81971355418181 ], [ 30.924747340125752, -17.819889276108103 ], [ 30.9236706394266, -17.819977137006283 ], [ 30.922224784202001, -17.819906848291193 ], [ 30.919382294356211, -17.81950854504883 ], [ 30.919286929437128, -17.817566803997025 ] ] ] ] } },
{ "type": "Feature", "properties": { "name": "Glaudina", "area_sqkm": 6.419, "Income": 4, "Region": null, "density": "High Density", "Matched_Ward": "Harare_Ward_5", "Male Population": 5894, "Female Population": 6126, "pop_est": 12020, "Total Households": 3230 }, "geometry": { "type": "MultiPolygon", "coordinates": [ [ [ [ 30.904188509347129, -17.793994783164237 ], [ 30.907769308243775, -17.800356723857057 ], [ 30.918720892498133, -17.817262215246267 ], [ 30.919286929437128, -17.817566803997025 ], [ 30.919382294356211, -17.81950854504883 ], [ 30.91718582493003, -17.819343073219617 ], [ 30.915943004694416, -17.819316714860946 ], [ 30.91394957025711, -17.819378217691781 ], [ 30.911356259715976, -17.819457292728817 ], [ 30.909073654233755, -17.819548082542902 ], [ 30.905966603644739, -17.819665230621766 ], [ 30.903456352871832, -17.819782378623632 ], [ 30.902130472867999, -17.819802879516047 ], [ 30.899374119078139, -17.81994931439327 ], [ 30.897952874155251, -17.820072319597177 ], [ 30.897183802227275, -17.820183609946611 ], [ 30.893642995070888, -17.820868922672194 ], [ 30.888019541133541, -17.821984746728347 ], [ 30.887936481365323, -17.821589376798904 ], [ 30.885801537693265, -17.81702645148102 ], [ 30.884386445345797, -17.813927813017198 ], [ 30.883777340378845, -17.812650853709417 ], [ 30.883758882652561, -17.812287680125994 ], [ 30.883943459915272, -17.811256731730275 ], [ 30.895781015030643, -17.801321832709935 ], [ 30.904188509347129, -17.793994783164237 ] ] ] ] } },
{ "type": "Feature", "properties": { "name": "Gillingham", "area_sqkm": 4.74, "Income": 5, "Region": null, "density": "High Density", "Matched_Ward": "Harare_Ward_5", "Male Population": 5894, "Female Population": 6126, "pop_est": 12020, "Total Households": 3230 }, "geometry": { "type": "MultiPolygon", "coordinates": [ [ [ [ 30.918668595607027, -17.781065900691058 ], [ 30.904188509347129, -17.793994783164237 ], [ 30.895781015030643, -17.801321832709935 ], [ 30.89446448266543, -17.802426785520652 ], [ 30.887801124706012, -17.796386395664417 ], [ 30.888367161645, -17.782560587397864 ], [ 30.90495450498754, -17.778623551308488 ], [ 30.905963527357041, -17.778600116310123 ], [ 30.918668595607027, -17.781065900691058 ] ] ] ] } },
{ "type": "Feature", "properties": { "name": "Crowborough", "area_sqkm": 0.414, "Income": 4, "Region": null, "density": "High Density", "Matched_Ward": "Harare_Ward_5", "Male Population": 5894, "Female Population": 6126, "pop_est": 12020, "Total Households": 3230 }, "geometry": { "type": "MultiPolygon", "coordinates": [ [ [ [ 30.941513108155473, -17.843865639870312 ], [ 30.939753471584538, -17.844141632225305 ], [ 30.937317051716715, -17.84453988038619 ], [ 30.934036190872014, -17.84490298822681 ], [ 30.933674727065828, -17.843930794602912 ], [ 30.933674727065828, -17.843427125938444 ], [ 30.933911601219638, -17.842800466424276 ], [ 30.936055773754841, -17.838182444873286 ], [ 30.93911975631589, -17.839775485499395 ], [ 30.93952582629386, -17.839517788717451 ], [ 30.940559458965065, -17.840062465567527 ], [ 30.940958849740621, -17.840115472988956 ], [ 30.941353141194462, -17.84260060842815 ], [ 30.941513108155473, -17.843865639870312 ] ] ] ] } },
{ "type": "Feature", "properties": { "name": "Kuwadzana", "area_sqkm": 18.771, "Income": 5, "Region": null, "density": "High Density", "Matched_Ward": "Harare_Ward_5", "Male Population": 5894, "Female Population": 6126, "pop_est": 12020, "Total Households": 3230 }, "geometry": { "type": "MultiPolygon", "coordinates": [ [ [ [ 30.934036190872014, -17.84490298822681 ], [ 30.920343634266391, -17.846422762197832 ], [ 30.919589943776977, -17.846507681747841 ], [ 30.918544005954931, -17.846618955579629 ], [ 30.918070257647294, -17.846636525125657 ], [ 30.91301899322437, -17.846513538267054 ], [ 30.897571414479078, -17.846377374145877 ], [ 30.894367460827155, -17.846310024111943 ], [ 30.892869308711465, -17.846643845769336 ], [ 30.892549374789429, -17.846670200084038 ], [ 30.873021100394311, -17.853118105107772 ], [ 30.870277051755298, -17.852368496909598 ], [ 30.869526437553599, -17.852087393020945 ], [ 30.882779085016452, -17.834054822018441 ], [ 30.888500980160572, -17.826223935847864 ], [ 30.888820914082615, -17.825673359470791 ], [ 30.888931660440242, -17.825064209156299 ], [ 30.888907050138549, -17.824220766821472 ], [ 30.888019541133541, -17.821984746728347 ], [ 30.897183802227275, -17.820183609946611 ], [ 30.897952874155251, -17.820072319597177 ], [ 30.902130472867999, -17.819802879516047 ], [ 30.911356259715976, -17.819457292728817 ], [ 30.915943004694416, -17.819316714860946 ], [ 30.91718582493003, -17.819343073219617 ], [ 30.919382294356211, -17.81950854504883 ], [ 30.922224784202001, -17.819906848291193 ], [ 30.9236706394266, -17.819977137006283 ], [ 30.926082448992716, -17.81971355418181 ], [ 30.929340237679622, -17.818937446935124 ], [ 30.930155453923273, -17.818688506159098 ], [ 30.930887610398702, -17.81839856293464 ], [ 30.931853564740241, -17.817965111578172 ], [ 30.932708772724144, -17.817613663758674 ], [ 30.933496302378391, -17.817437939589094 ], [ 30.934320747485174, -17.81735007743935 ], [ 30.93491447101357, -17.81736179239515 ], [ 30.93554818628224, -17.817446725801691 ], [ 30.936308029347078, -17.817628307431661 ], [ 30.937064796124211, -17.817927038097867 ], [ 30.938301463784395, -17.818503996889017 ], [ 30.940310279660263, -17.819433863091824 ], [ 30.941819198782841, -17.819996905702325 ], [ 30.941376213352331, -17.821238668293947 ], [ 30.941314687598094, -17.821841974354843 ], [ 30.941400823654028, -17.822550709934088 ], [ 30.941519260730928, -17.823038330090565 ], [ 30.941906872982631, -17.82402528091858 ], [ 30.942328324399156, -17.825287515703067 ], [ 30.942722089226272, -17.827841244116112 ], [ 30.942955887092374, -17.829733088121454 ], [ 30.942912819064411, -17.83149605779348 ], [ 30.942506749086427, -17.832925163260342 ], [ 30.941765363747866, -17.8346148899704 ], [ 30.941236242261411, -17.836000043928749 ], [ 30.940983986669035, -17.836995708194159 ], [ 30.940885545462251, -17.837839090040156 ], [ 30.94082401970801, -17.838811316933398 ], [ 30.940958849740621, -17.840115472988956 ], [ 30.940559458965065, -17.840062465567527 ], [ 30.93952582629386, -17.839517788717451 ], [ 30.93911975631589, -17.839775485499395 ], [ 30.936055773754841, -17.838182444873286 ], [ 30.933911601219638, -17.842800466424276 ], [ 30.933674727065828, -17.843427125938444 ], [ 30.933674727065828, -17.843930794602912 ], [ 30.934036190872014, -17.84490298822681 ] ] ] ] } },
{ "type": "Feature", "properties": { "name": "Granary", "area_sqkm": 4.553, "Income": 5, "Region": null, "density": "High Density", "Matched_Ward": "Harare_Ward_5", "Male Population": 5894, "Female Population": 6126, "pop_est": 12020, "Total Households": 3230 }, "geometry": { "type": "MultiPolygon", "coordinates": [ [ [ [ 30.900649951949877, -17.846404510209375 ], [ 30.900674619708482, -17.846644577833725 ], [ 30.900914570150011, -17.846562586607813 ], [ 30.901357555580542, -17.847218515357422 ], [ 30.901726710105972, -17.847253654329354 ], [ 30.901972813122924, -17.847312219267152 ], [ 30.901739015256819, -17.847792451030038 ], [ 30.901628268899191, -17.847956432310792 ], [ 30.902145085234789, -17.848073561704513 ], [ 30.902132780083942, -17.848331246099324 ], [ 30.901714404955118, -17.848483513975399 ], [ 30.901554437994101, -17.84901059407871 ], [ 30.901551361706392, -17.849233138542438 ], [ 30.901268343236893, -17.849432257037204 ], [ 30.90145599678732, -17.849713365121051 ], [ 30.9013483267174, -17.85004425219234 ], [ 30.902228145003008, -17.850424917973342 ], [ 30.902332738785212, -17.850506907419568 ], [ 30.90246809544454, -17.850881715835449 ], [ 30.902720351036908, -17.851192103457166 ], [ 30.902628062405551, -17.851449783335493 ], [ 30.902886470573364, -17.852527349691965 ], [ 30.902966454053871, -17.852603481850718 ], [ 30.903378676607264, -17.852480499116535 ], [ 30.903470965238615, -17.852708895555203 ], [ 30.903403286908958, -17.852867015994821 ], [ 30.903384829182681, -17.853312094996156 ], [ 30.903138726165729, -17.853534634079232 ], [ 30.902917233450474, -17.853417508280742 ], [ 30.90241887484115, -17.853622478377492 ], [ 30.902277365606402, -17.853909436116162 ], [ 30.902252755304694, -17.854676606572902 ], [ 30.902855707696226, -17.85553161707622 ], [ 30.902228145003001, -17.856620871079013 ], [ 30.902461942869103, -17.857089365372627 ], [ 30.901858990477574, -17.857932651991081 ], [ 30.901225275208915, -17.858483128598802 ], [ 30.900536186761453, -17.85906874014065 ], [ 30.900849968108066, -17.859783183610105 ], [ 30.900745374325854, -17.859941297760482 ], [ 30.900739221750438, -17.860485912091228 ], [ 30.900733069175008, -17.860714298249611 ], [ 30.900585407364844, -17.860983676418357 ], [ 30.900406982677552, -17.861001244545616 ], [ 30.900345456923308, -17.861323326571149 ], [ 30.89982248801229, -17.861247198145037 ], [ 30.899397960308036, -17.861610271884278 ], [ 30.898782702765654, -17.862102177057945 ], [ 30.898487379145312, -17.862605792849603 ], [ 30.89864734610633, -17.86329679824216 ], [ 30.898388937938535, -17.863624732064967 ], [ 30.898622735804636, -17.863847258243077 ], [ 30.898782702765654, -17.864491411399005 ], [ 30.898936517151249, -17.86472564833154 ], [ 30.898733482162264, -17.865059435427121 ], [ 30.899361044855507, -17.865627457640166 ], [ 30.8986104306538, -17.866201333909043 ], [ 30.897638323736839, -17.866611244395294 ], [ 30.897441441323281, -17.867185117487924 ], [ 30.897395297007606, -17.867454485851599 ], [ 30.897210719744891, -17.867665295590594 ], [ 30.897069210510146, -17.867758988727669 ], [ 30.896601614777932, -17.867750204998156 ], [ 30.896373969487254, -17.867808763186641 ], [ 30.896266299417341, -17.867987365542344 ], [ 30.896333977747002, -17.868458757783113 ], [ 30.896401656076662, -17.868751547365306 ], [ 30.896364740624122, -17.868985778683761 ], [ 30.89611863760717, -17.869143884649212 ], [ 30.895712567629197, -17.869249288548023 ], [ 30.895131149251647, -17.869058975907475 ], [ 30.895020402894019, -17.868985778683772 ], [ 30.894503586558415, -17.868982850794193 ], [ 30.894291322706291, -17.869140956762237 ], [ 30.894079058854174, -17.869222937579185 ], [ 30.893728362055015, -17.869536221066973 ], [ 30.893608386834249, -17.869603562305322 ], [ 30.890519793971517, -17.869006273909445 ], [ 30.88965843341218, -17.868801321546322 ], [ 30.888550969835894, -17.86821574206358 ], [ 30.887320454751141, -17.867349080888353 ], [ 30.885782310895195, -17.863554460582435 ], [ 30.883862707362965, -17.86031023023131 ], [ 30.883038262256175, -17.858975042423552 ], [ 30.882484530468037, -17.857979501130426 ], [ 30.88158625445616, -17.856527172072209 ], [ 30.880171162108688, -17.855437917495571 ], [ 30.877550164978164, -17.854442356402682 ], [ 30.874030891835751, -17.853446789737607 ], [ 30.873021100394311, -17.853118105107772 ], [ 30.892549374789429, -17.846670200084038 ], [ 30.892869308711465, -17.846643845769336 ], [ 30.894367460827155, -17.846310024111943 ], [ 30.897571414479078, -17.846377374145877 ], [ 30.900649951949877, -17.846404510209375 ] ] ] ] } },
{ "type": "Feature", "properties": { "name": "Kambuzuma", "area_sqkm": 4.868, "Income": 5, "Region": null, "density": "High Density", "Matched_Ward": "Harare_Ward_5", "Male Population": 5894, "Female Population": 6126, "pop_est": 12020, "Total Households": 3230 }, "geometry": { "type": "MultiPolygon", "coordinates": [ [ [ [ 30.957733604188391, -17.851586675618776 ], [ 30.958508828691766, -17.851165017766188 ], [ 30.960010057095172, -17.851797504170321 ], [ 30.962052712135872, -17.851797504170317 ], [ 30.962397256359605, -17.851422697683745 ], [ 30.963923095064704, -17.849970315090133 ], [ 30.966014970708791, -17.848986436274522 ], [ 30.968654425565603, -17.8488195277214 ], [ 30.970795521813088, -17.848280734130618 ], [ 30.971681492674112, -17.846711195676704 ], [ 30.973305772585995, -17.845750725019141 ], [ 30.975569920341954, -17.84427486976049 ], [ 30.975569920341954, -17.84427486976049 ], [ 30.977095759047049, -17.843501797836048 ], [ 30.978460347797018, -17.843469986862665 ], [ 30.978603140025879, -17.84346665812334 ], [ 30.977715631021354, -17.845181907254673 ], [ 30.977241882713699, -17.84627122462441 ], [ 30.976934253942517, -17.848004748195109 ], [ 30.976928101367093, -17.849829029255798 ], [ 30.976955787956502, -17.852276991786361 ], [ 30.977026542573885, -17.856651616054908 ], [ 30.97539918637429, -17.857005914916954 ], [ 30.972864325299692, -17.857989749378042 ], [ 30.969603460325086, -17.859453778678592 ], [ 30.968963592481014, -17.859928121586691 ], [ 30.968182215402202, -17.860771394743406 ], [ 30.966182628389472, -17.862961543842662 ], [ 30.965401251310649, -17.863558852550927 ], [ 30.964189193952159, -17.864220574561031 ], [ 30.962872542811468, -17.864595354075924 ], [ 30.955907827431719, -17.866264284509455 ], [ 30.954418904179164, -17.866627348002268 ], [ 30.951810212199479, -17.867552570969629 ], [ 30.951391837070659, -17.866580501141641 ], [ 30.950911936187605, -17.865725543766395 ], [ 30.950093643656231, -17.864964276889197 ], [ 30.948906196599438, -17.863957057241517 ], [ 30.948149429822315, -17.863078663355388 ], [ 30.947792580447729, -17.862510632998294 ], [ 30.947257306385868, -17.861345286688028 ], [ 30.946986593067223, -17.860291198019407 ], [ 30.946986593067223, -17.858944297849391 ], [ 30.947140407452824, -17.856467146120043 ], [ 30.947300374413828, -17.853743996251946 ], [ 30.947343442441802, -17.852256494632265 ], [ 30.94707272912315, -17.850897820866916 ], [ 30.946506692184162, -17.849984224052562 ], [ 30.947368052743496, -17.849515711045981 ], [ 30.947441883648583, -17.84888321653019 ], [ 30.948057141190958, -17.848203868064484 ], [ 30.949312266577412, -17.848555255525735 ], [ 30.950075185929965, -17.849000345313854 ], [ 30.950739664075741, -17.849820244640597 ], [ 30.951699465841845, -17.849960798431539 ], [ 30.952536216099485, -17.849585988075621 ], [ 30.953889782692713, -17.850710416774636 ], [ 30.955661724414771, -17.851530308220962 ], [ 30.957733604188391, -17.851586675618776 ] ] ] ] } },
{ "type": "Feature", "properties": { "name": "Westwood", "area_sqkm": 1.215, "Income": 4, "Region": null, "density": "High Density", "Matched_Ward": "Harare_Ward_5", "Male Population": 5894, "Female Population": 6126, "pop_est": 12020, "Total Households": 3230 }, "geometry": { "type": "MultiPolygon", "coordinates": [ [ [ [ 30.988767194625662, -17.851326067758237 ], [ 30.987584362001122, -17.851155501171508 ], [ 30.987073698240952, -17.851120362970139 ], [ 30.986353846916366, -17.851161357537734 ], [ 30.985443265753648, -17.85147760102738 ], [ 30.984815703060416, -17.851946108867615 ], [ 30.983659018880736, -17.853281349443126 ], [ 30.982613081058691, -17.854704423760175 ], [ 30.982422351220553, -17.854938673585281 ], [ 30.981942450337499, -17.855301760204494 ], [ 30.98126566704088, -17.855653133646427 ], [ 30.980148974601477, -17.855969369150671 ], [ 30.977026542573885, -17.856651616054908 ], [ 30.976955787956502, -17.852276991786361 ], [ 30.976928101367093, -17.849829029255798 ], [ 30.976934253942517, -17.848004748195109 ], [ 30.977241882713699, -17.84627122462441 ], [ 30.977715631021354, -17.845181907254673 ], [ 30.978603140025879, -17.84346665812334 ], [ 30.979519873764026, -17.843349525697537 ], [ 30.980978034139458, -17.843741919020555 ], [ 30.983980490946273, -17.845030368624219 ], [ 30.986459978841726, -17.846277813216748 ], [ 30.987044473507002, -17.846974738548202 ], [ 30.988311904044313, -17.847689230592366 ], [ 30.989136349151096, -17.850049376544369 ], [ 30.988767194625662, -17.851326067758237 ] ] ] ] } },
{ "type": "Feature", "properties": { "name": "Marimba Park", "area_sqkm": 2.14, "Income": 5, "Region": null, "density": "High Density", "Matched_Ward": "Harare_Ward_5", "Male Population": 5894, "Female Population": 6126, "pop_est": 12020, "Total Households": 3230 }, "geometry": { "type": "MultiPolygon", "coordinates": [ [ [ [ 30.946506692184162, -17.849984224052562 ], [ 30.94707272912315, -17.850897820866916 ], [ 30.947343442441802, -17.852256494632265 ], [ 30.947300374413828, -17.853743996251946 ], [ 30.947140407452824, -17.856467146120043 ], [ 30.946986593067223, -17.858944297849391 ], [ 30.946986593067223, -17.860291198019407 ], [ 30.947257306385868, -17.861345286688028 ], [ 30.947792580447729, -17.862510632998294 ], [ 30.948149429822315, -17.863078663355388 ], [ 30.948906196599438, -17.863957057241517 ], [ 30.950093643656231, -17.864964276889197 ], [ 30.950911936187605, -17.865725543766395 ], [ 30.951391837070659, -17.866580501141641 ], [ 30.951810212199479, -17.867552570969629 ], [ 30.950493561058828, -17.867956622526801 ], [ 30.949312266577465, -17.868202566503125 ], [ 30.948487821470671, -17.868261124542563 ], [ 30.947011203368962, -17.868085450366358 ], [ 30.945633026474038, -17.868284547752932 ], [ 30.945940655245227, -17.867558426795934 ], [ 30.944377901087584, -17.866235005163279 ], [ 30.942753621175694, -17.864812023122614 ], [ 30.941523106090933, -17.863734531200905 ], [ 30.940218760101089, -17.863242630543656 ], [ 30.93912360167565, -17.863102087248745 ], [ 30.938126884457002, -17.863219206668887 ], [ 30.937074794059537, -17.863593988294863 ], [ 30.936834843618005, -17.863107943221575 ], [ 30.936594893176476, -17.863002535680945 ], [ 30.935401293544267, -17.860671841870655 ], [ 30.93578275322054, -17.86050787231159 ], [ 30.933933904305697, -17.856616478939262 ], [ 30.931842028661592, -17.857131822607084 ], [ 30.931122177337009, -17.855456950226962 ], [ 30.930291579654803, -17.854379401616907 ], [ 30.930451546615814, -17.85338969089236 ], [ 30.931355975203118, -17.854022169386916 ], [ 30.932807983003134, -17.854326695267435 ], [ 30.933940056881113, -17.85378791835485 ], [ 30.935416674982818, -17.853061738195013 ], [ 30.936278035542152, -17.854443820467267 ], [ 30.936954818838764, -17.853682505289768 ], [ 30.938554488448951, -17.853073450801759 ], [ 30.940252599265914, -17.851808484817543 ], [ 30.94416563723545, -17.850449807630739 ], [ 30.946506692184162, -17.849984224052562 ] ] ] ] } },
{ "type": "Feature", "properties": { "name": "Mufakose", "area_sqkm": 15.329, "Income": 5, "Region": null, "density": "High Density", "Matched_Ward": "Harare_Ward_5", "Male Population": 5894, "Female Population": 6126, "pop_est": 12020, "Total Households": 3230 }, "geometry": { "type": "MultiPolygon", "coordinates": [ [ [ [ 30.893608386834249, -17.869603562305322 ], [ 30.893728362055015, -17.869536221066973 ], [ 30.894079058854174, -17.869222937579185 ], [ 30.894503586558415, -17.868982850794193 ], [ 30.895020402894019, -17.868985778683772 ], [ 30.895131149251647, -17.869058975907475 ], [ 30.895712567629197, -17.869249288548023 ], [ 30.89611863760717, -17.869143884649212 ], [ 30.896364740624122, -17.868985778683761 ], [ 30.896401656076662, -17.868751547365306 ], [ 30.896333977747002, -17.868458757783113 ], [ 30.896266299417341, -17.867987365542344 ], [ 30.896373969487254, -17.867808763186641 ], [ 30.896601614777932, -17.867750204998156 ], [ 30.897069210510146, -17.867758988727669 ], [ 30.897210719744891, -17.867665295590594 ], [ 30.897395297007606, -17.867454485851599 ], [ 30.897441441323281, -17.867185117487924 ], [ 30.897638323736839, -17.866611244395294 ], [ 30.8986104306538, -17.866201333909043 ], [ 30.899361044855507, -17.865627457640166 ], [ 30.898733482162264, -17.865059435427121 ], [ 30.898936517151249, -17.86472564833154 ], [ 30.898782702765654, -17.864491411399005 ], [ 30.898622735804636, -17.863847258243077 ], [ 30.898388937938535, -17.863624732064967 ], [ 30.89864734610633, -17.86329679824216 ], [ 30.898487379145312, -17.862605792849603 ], [ 30.898782702765654, -17.862102177057945 ], [ 30.89982248801229, -17.861247198145037 ], [ 30.900345456923308, -17.861323326571149 ], [ 30.900406982677552, -17.861001244545616 ], [ 30.900585407364844, -17.860983676418357 ], [ 30.900733069175008, -17.860714298249611 ], [ 30.900745374325854, -17.859941297760482 ], [ 30.900849968108066, -17.859783183610105 ], [ 30.900536186761453, -17.85906874014065 ], [ 30.901858990477574, -17.857932651991081 ], [ 30.902461942869103, -17.857089365372627 ], [ 30.902228145003001, -17.856620871079013 ], [ 30.902855707696226, -17.85553161707622 ], [ 30.902252755304694, -17.854676606572902 ], [ 30.90241887484115, -17.853622478377492 ], [ 30.902917233450474, -17.853417508280742 ], [ 30.903138726165729, -17.853534634079232 ], [ 30.903384829182681, -17.853312094996156 ], [ 30.903403286908958, -17.852867015994821 ], [ 30.903470965238615, -17.852708895555203 ], [ 30.903378676607264, -17.852480499116535 ], [ 30.902966454053871, -17.852603481850718 ], [ 30.902886470573364, -17.852527349691965 ], [ 30.902628062405551, -17.851449783335493 ], [ 30.902720351036908, -17.851192103457166 ], [ 30.90246809544454, -17.850881715835449 ], [ 30.902332738785212, -17.850506907419568 ], [ 30.902228145003008, -17.850424917973342 ], [ 30.9013483267174, -17.85004425219234 ], [ 30.90145599678732, -17.849713365121051 ], [ 30.901268343236893, -17.849432257037204 ], [ 30.901551361706392, -17.849233138542438 ], [ 30.901554437994101, -17.84901059407871 ], [ 30.901714404955118, -17.848483513975399 ], [ 30.902132780083942, -17.848331246099324 ], [ 30.902145085234789, -17.848073561704513 ], [ 30.901628268899191, -17.847956432310792 ], [ 30.901739015256819, -17.847792451030038 ], [ 30.901972813122924, -17.847312219267152 ], [ 30.901726710105972, -17.847253654329354 ], [ 30.901357555580542, -17.847218515357422 ], [ 30.900914570150011, -17.846562586607813 ], [ 30.900674619708482, -17.846644577833725 ], [ 30.900649951949877, -17.846404510209375 ], [ 30.918544005954931, -17.846618955579629 ], [ 30.934036190872014, -17.84490298822681 ], [ 30.937317051716715, -17.84453988038619 ], [ 30.941513108155473, -17.843865639870312 ], [ 30.943488084866527, -17.843484960057957 ], [ 30.944244851643649, -17.84344982034192 ], [ 30.945324628630527, -17.843619662238485 ], [ 30.947431885713179, -17.844624068761831 ], [ 30.954519403757043, -17.846855659431629 ], [ 30.955038776152769, -17.84844764318915 ], [ 30.957733604188391, -17.851586675618776 ], [ 30.955661724414771, -17.851530308220962 ], [ 30.953889782692713, -17.850710416774636 ], [ 30.952536216099485, -17.849585988075621 ], [ 30.951699465841845, -17.849960798431539 ], [ 30.950739664075741, -17.849820244640597 ], [ 30.950075185929965, -17.849000345313854 ], [ 30.949312266577412, -17.848555255525735 ], [ 30.948057141190958, -17.848203868064484 ], [ 30.947441883648583, -17.84888321653019 ], [ 30.947368052743496, -17.849515711045981 ], [ 30.946506692184162, -17.849984224052562 ], [ 30.94416563723545, -17.850449807630739 ], [ 30.940252599265914, -17.851808484817543 ], [ 30.938554488448951, -17.853073450801759 ], [ 30.936954818838764, -17.853682505289768 ], [ 30.936278035542152, -17.854443820467267 ], [ 30.935416674982818, -17.853061738195013 ], [ 30.932807983003134, -17.854326695267435 ], [ 30.931355975203118, -17.854022169386916 ], [ 30.930451546615814, -17.85338969089236 ], [ 30.930291579654803, -17.854379401616907 ], [ 30.931122177337009, -17.855456950226962 ], [ 30.931842028661592, -17.857131822607084 ], [ 30.933933904305697, -17.856616478939262 ], [ 30.93578275322054, -17.86050787231159 ], [ 30.935401293544267, -17.860671841870655 ], [ 30.936594893176476, -17.863002535680945 ], [ 30.936834843618005, -17.863107943221575 ], [ 30.937074794059537, -17.863593988294863 ], [ 30.938126884457002, -17.863219206668887 ], [ 30.93912360167565, -17.863102087248745 ], [ 30.940218760101089, -17.863242630543656 ], [ 30.941523106090933, -17.863734531200905 ], [ 30.945940655245227, -17.867558426795934 ], [ 30.945633026474038, -17.868284547752932 ], [ 30.947011203368962, -17.868085450366358 ], [ 30.948487821470671, -17.868261124542563 ], [ 30.949312266577465, -17.868202566503125 ], [ 30.950493561058828, -17.867956622526801 ], [ 30.951810212199479, -17.867552570969629 ], [ 30.955900136712561, -17.877955141942333 ], [ 30.954515807242206, -17.878441146407532 ], [ 30.95412819499051, -17.878382591723131 ], [ 30.953143782922702, -17.877960997425717 ], [ 30.952528525380323, -17.87707096173397 ], [ 30.951642554519296, -17.87622776591234 ], [ 30.951051907278615, -17.876461987375368 ], [ 30.946179067542968, -17.877984419357393 ], [ 30.941749213237838, -17.878124950882508 ], [ 30.938574484319162, -17.877750199901762 ], [ 30.936827152898807, -17.877234916012274 ], [ 30.93473527725472, -17.876087232886281 ], [ 30.932446519197068, -17.874845852994497 ], [ 30.9307237980784, -17.87454136226231 ], [ 30.927007642522433, -17.874307138267053 ], [ 30.915231613161296, -17.873721576927956 ], [ 30.908611442005292, -17.873405373002381 ], [ 30.903246396235744, -17.873112591088063 ], [ 30.901548285418766, -17.872960344301948 ], [ 30.900563873350958, -17.872690984283846 ], [ 30.90001014156282, -17.872450902184411 ], [ 30.899333358266198, -17.87202343813123 ], [ 30.897813672136529, -17.87106603203463 ], [ 30.896577004476352, -17.870328210972904 ], [ 30.895358794542439, -17.869924164807635 ], [ 30.893608386834249, -17.869603562305322 ] ] ] ] } },
{ "type": "Feature", "properties": { "name": "Aspindale Park", "area_sqkm": 2.447, "Income": 4, "Region": null, "density": "High Density", "Matched_Ward": "Harare_Ward_5", "Male Population": 5894, "Female Population": 6126, "pop_est": 12020, "Total Households": 3230 }, "geometry": { "type": "MultiPolygon", "coordinates": [ [ [ [ 30.955900136712561, -17.877955141942333 ], [ 30.951810212199479, -17.867552570969629 ], [ 30.954418904179164, -17.866627348002268 ], [ 30.964189193952159, -17.864220574561031 ], [ 30.965401251310649, -17.863558852550927 ], [ 30.966182628389472, -17.862961543842662 ], [ 30.967919399063589, -17.86105925920884 ], [ 30.968357563801966, -17.861140325492112 ], [ 30.969108178003651, -17.862703880643306 ], [ 30.972344432676564, -17.869253680376044 ], [ 30.971673801955376, -17.869528901365872 ], [ 30.97138463091046, -17.869692862604026 ], [ 30.971086231002396, -17.870310643767546 ], [ 30.971406164924439, -17.870533161575235 ], [ 30.971689183393931, -17.871036753479554 ], [ 30.971812234902426, -17.871616467974437 ], [ 30.972264449196071, -17.875226465675965 ], [ 30.968739023478228, -17.875349432675666 ], [ 30.964038455854453, -17.875513388542853 ], [ 30.962943297429014, -17.875630499783913 ], [ 30.961011388745945, -17.876274610229768 ], [ 30.955900136712561, -17.877955141942333 ] ] ] ] } },
{ "type": "Feature", "properties": { "name": "Rugare", "area_sqkm": 1.605, "Income": 5, "Region": null, "density": "High Density", "Matched_Ward": "Harare_Ward_5", "Male Population": 5894, "Female Population": 6126, "pop_est": 12020, "Total Households": 3230 }, "geometry": { "type": "MultiPolygon", "coordinates": [ [ [ [ 30.977026542573885, -17.856651616054908 ], [ 30.980148974601477, -17.855969369150671 ], [ 30.98126566704088, -17.855653133646427 ], [ 30.981942450337499, -17.855301760204494 ], [ 30.982422351220553, -17.854938673585281 ], [ 30.982613081058691, -17.854704423760175 ], [ 30.983659018880736, -17.853281349443126 ], [ 30.984815703060416, -17.851946108867615 ], [ 30.985443265753648, -17.85147760102738 ], [ 30.986353846916366, -17.851161357537734 ], [ 30.987073698240952, -17.851120362970139 ], [ 30.987584362001122, -17.851155501171508 ], [ 30.988767194625662, -17.851326067758237 ], [ 30.99217572141044, -17.851712587144725 ], [ 30.993504677701981, -17.851981978947787 ], [ 30.993861527076561, -17.85213424369951 ], [ 30.994322970234307, -17.852489283600693 ], [ 30.994616755710787, -17.852818701431278 ], [ 30.995342759610804, -17.854036810066422 ], [ 30.998234470059991, -17.858844743953956 ], [ 30.999551121200682, -17.859617749209956 ], [ 30.990073078760325, -17.862718520607864 ], [ 30.988916394580659, -17.860835811278726 ], [ 30.984277352711107, -17.859242959202433 ], [ 30.980499671400903, -17.857989749378302 ], [ 30.978555457566987, -17.857825777346079 ], [ 30.977041924012717, -17.857872626513569 ], [ 30.977026542573885, -17.856651616054908 ] ] ] ] } },
{ "type": "Feature", "properties": { "name": "Lochnivar", "area_sqkm": 5.507, "Income": 0, "Region": null, "density": "Low Density", "Matched_Ward": "Harare_Ward_5", "Male Population": 5894, "Female Population": 6126, "pop_est": 12020, "Total Households": 3230 }, "geometry": { "type": "MultiPolygon", "coordinates": [ [ [ [ 30.997802548501831, -17.860189804336386 ], [ 30.997940684583508, -17.860446383688213 ], [ 31.005586028619508, -17.873369507244004 ], [ 31.005619867784336, -17.87348954771366 ], [ 31.00565678323688, -17.873899441388975 ], [ 30.976022903708181, -17.875052994228181 ], [ 30.972264449196071, -17.875226465675965 ], [ 30.971812234902426, -17.871616467974437 ], [ 30.971689183393931, -17.871036753479554 ], [ 30.971406164924439, -17.870533161575235 ], [ 30.971086231002396, -17.870310643767546 ], [ 30.97138463091046, -17.869692862604026 ], [ 30.971673801955376, -17.869528901365872 ], [ 30.972344432676564, -17.869253680376044 ], [ 30.969108178003651, -17.862703880643306 ], [ 30.968357563801966, -17.861140325492112 ], [ 30.967919399063589, -17.86105925920884 ], [ 30.968963592481014, -17.859928121586691 ], [ 30.969603460325086, -17.859453778678592 ], [ 30.972864325299692, -17.857989749378042 ], [ 30.97539918637429, -17.857005914916954 ], [ 30.977026542573885, -17.856651616054908 ], [ 30.977041924012717, -17.857872626513569 ], [ 30.978555457566987, -17.857825777346079 ], [ 30.980499671400903, -17.857989749378302 ], [ 30.988916394580659, -17.860835811278726 ], [ 30.990073078760325, -17.862718520607864 ], [ 30.997802548501831, -17.860189804336386 ] ] ] ] } },
{ "type": "Feature", "properties": { "name": "Workington", "area_sqkm": 1.457, "Income": 0, "Region": null, "density": "Commercial", "Matched_Ward": "Harare_Ward_5", "Male Population": 5894, "Female Population": 6126, "pop_est": 12020, "Total Households": 3230 }, "geometry": { "type": "MultiPolygon", "coordinates": [ [ [ [ 31.010548080698797, -17.848503279507828 ], [ 31.011766290632711, -17.851724299841095 ], [ 31.012935279963251, -17.854107817343802 ], [ 31.013070636622572, -17.854681730792297 ], [ 30.999551121200682, -17.859617749209956 ], [ 30.998234470059991, -17.858844743953956 ], [ 30.994616755710787, -17.852818701431278 ], [ 30.994322970234307, -17.852489283600693 ], [ 30.993861527076561, -17.85213424369951 ], [ 30.993689254964689, -17.850810707269989 ], [ 31.00556372553261, -17.85030705807776 ], [ 31.010548080698797, -17.848503279507828 ] ] ] ] } },
{ "type": "Feature", "properties": { "name": "Southerton", "area_sqkm": 2.655, "Income": 0, "Region": null, "density": "Medium Density", "Matched_Ward": "Harare_Ward_3", "Male Population": 10375, "Female Population": 11130, "pop_est": 21505, "Total Households": 5710 }, "geometry": { "type": "MultiPolygon", "coordinates": [ [ [ [ 31.013070636622572, -17.854681730792297 ], [ 31.013262904604566, -17.854820816680913 ], [ 31.013613601403733, -17.855473786872505 ], [ 31.013979679641444, -17.856000846265314 ], [ 31.014896413379585, -17.856814857147562 ], [ 31.015533204935938, -17.857090097394387 ], [ 31.016105394450346, -17.857435611143792 ], [ 31.016453014961805, -17.857669857371732 ], [ 31.01691138183088, -17.858109068217519 ], [ 31.016939068420282, -17.858132492765495 ], [ 31.017320528096562, -17.858624407560164 ], [ 31.017738903225379, -17.859327140620657 ], [ 31.019480082070309, -17.86236642912689 ], [ 31.013241370590595, -17.868263320468948 ], [ 31.00742103423968, -17.873662288735034 ], [ 31.00565678323688, -17.873899441388975 ], [ 31.005619867784336, -17.87348954771366 ], [ 31.005586028619508, -17.873369507244004 ], [ 30.997940684583508, -17.860446383688213 ], [ 30.997802548501831, -17.860189804336386 ], [ 30.999551121200682, -17.859617749209956 ], [ 31.013070636622572, -17.854681730792297 ] ] ] ] } },
{ "type": "Feature", "properties": { "name": "Workington", "area_sqkm": 4.107, "Income": 0, "Region": null, "density": "Commercial", "Matched_Ward": "Harare_Ward_3", "Male Population": 10375, "Female Population": 11130, "pop_est": 21505, "Total Households": 5710 }, "geometry": { "type": "MultiPolygon", "coordinates": [ [ [ [ 31.030590671943514, -17.856521498887528 ], [ 31.019328956498573, -17.873522158516899 ], [ 31.018960677448472, -17.873324815506543 ], [ 31.018762611404725, -17.873245289156813 ], [ 31.018549071451311, -17.873198162414255 ], [ 31.015599744268606, -17.873159871926728 ], [ 31.013594325575646, -17.873760737087487 ], [ 31.007986580711982, -17.875775387796928 ], [ 31.002499532343744, -17.877474863392901 ], [ 31.001441116922461, -17.877742890122125 ], [ 30.99992622116595, -17.878097804014864 ], [ 30.997749042075657, -17.87844093585932 ], [ 30.997581923851246, -17.878467443871219 ], [ 30.997464322137763, -17.878028588498086 ], [ 30.997018673539305, -17.874511815680819 ], [ 30.996987556781676, -17.874236907624194 ], [ 31.00565678323688, -17.873899441388975 ], [ 31.00742103423968, -17.873662288735034 ], [ 31.019480082070309, -17.86236642912689 ], [ 31.017738903225379, -17.859327140620657 ], [ 31.017320528096562, -17.858624407560164 ], [ 31.016939068420282, -17.858132492765495 ], [ 31.016453014961805, -17.857669857371732 ], [ 31.016105394450346, -17.857435611143792 ], [ 31.015533204935938, -17.857090097394387 ], [ 31.014896413379585, -17.856814857147562 ], [ 31.013979679641444, -17.856000846265314 ], [ 31.013613601403733, -17.855473786872505 ], [ 31.013262904604566, -17.854820816680913 ], [ 31.013070636622572, -17.854681730792297 ], [ 31.012935279963251, -17.854107817343802 ], [ 31.011766290632711, -17.851724299841095 ], [ 31.010548080698797, -17.848503279507828 ], [ 31.025720542402674, -17.845017046361814 ], [ 31.025856265154946, -17.845707716016758 ], [ 31.024347346032268, -17.848865830218767 ], [ 31.026326937174851, -17.853868625189477 ], [ 31.030590671943514, -17.856521498887528 ] ] ] ] } },
{ "type": "Feature", "properties": { "name": "Budiriro", "area_sqkm": 19.221, "Income": 5, "Region": "3", "density": "High Density", "Matched_Ward": "Harare_Ward_5", "Male Population": 5894, "Female Population": 6126, "pop_est": 12020, "Total Households": 3230 }, "geometry": { "type": "MultiPolygon", "coordinates": [ [ [ [ 30.955900136712561, -17.877955141942333 ], [ 30.959278581554667, -17.886767202362602 ], [ 30.959032546390954, -17.886938023693453 ], [ 30.956777997752344, -17.889734463315705 ], [ 30.956663490820802, -17.889925897802975 ], [ 30.95640043435645, -17.890193905738311 ], [ 30.954299077423567, -17.891734207234414 ], [ 30.953150913326215, -17.892588288344882 ], [ 30.953027122048873, -17.892703147215144 ], [ 30.9529652264102, -17.892915194164971 ], [ 30.952940468154736, -17.894119733836227 ], [ 30.951380698060216, -17.894225756496468 ], [ 30.950217060053198, -17.894496703007089 ], [ 30.949251488089931, -17.894814770122096 ], [ 30.93759034976426, -17.898808230935149 ], [ 30.936630967364859, -17.899302989733489 ], [ 30.935974873594944, -17.899715287678035 ], [ 30.935547793688112, -17.900051015296469 ], [ 30.931419354588723, -17.903596731349538 ], [ 30.926628632155577, -17.907648891467435 ], [ 30.877427788975744, -17.877788542986305 ], [ 30.87872759738784, -17.877567641921924 ], [ 30.879646747622111, -17.877273106742074 ], [ 30.880358547466837, -17.876863702030882 ], [ 30.881017736018688, -17.876324700144888 ], [ 30.88388040930726, -17.871199682483866 ], [ 30.884793369977668, -17.869965532583173 ], [ 30.886545016552066, -17.869075996790688 ], [ 30.88965843341218, -17.868801321546322 ], [ 30.893608386834249, -17.869603562305322 ], [ 30.895358794542439, -17.869924164807635 ], [ 30.896577004476352, -17.870328210972904 ], [ 30.897813672136529, -17.87106603203463 ], [ 30.899333358266198, -17.87202343813123 ], [ 30.90001014156282, -17.872450902184411 ], [ 30.900563873350958, -17.872690984283846 ], [ 30.901548285418766, -17.872960344301948 ], [ 30.903246396235744, -17.873112591088063 ], [ 30.927007642522433, -17.874307138267053 ], [ 30.9307237980784, -17.87454136226231 ], [ 30.932446519197068, -17.874845852994497 ], [ 30.936827152898807, -17.877234916012274 ], [ 30.938574484319162, -17.877750199901762 ], [ 30.941749213237838, -17.878124950882508 ], [ 30.946179067542968, -17.877984419357393 ], [ 30.951642554519296, -17.87622776591234 ], [ 30.952528525380323, -17.87707096173397 ], [ 30.953143782922702, -17.877960997425717 ], [ 30.95412819499051, -17.878382591723131 ], [ 30.954515807242206, -17.878441146407532 ], [ 30.955900136712561, -17.877955141942333 ] ] ] ] } },
{ "type": "Feature", "properties": { "name": "Glenview", "area_sqkm": 8.987, "Income": 5, "Region": "3", "density": "High Density", "Matched_Ward": "Harare_Ward_1", "Male Population": 5705, "Female Population": 5780, "pop_est": 11485, "Total Households": 2967 }, "geometry": { "type": "MultiPolygon", "coordinates": [ [ [ [ 30.959278581554667, -17.886767202362602 ], [ 30.95991765402416, -17.888459209847326 ], [ 30.960487093899935, -17.889401661331071 ], [ 30.96156407801282, -17.890662182368413 ], [ 30.962492512592888, -17.891639963549832 ], [ 30.963061952468664, -17.892128852120493 ], [ 30.96412655745381, -17.892823896203829 ], [ 30.964906442501082, -17.89322442884605 ], [ 30.965259247641519, -17.893436475173015 ], [ 30.963328103714975, -17.896087032880885 ], [ 30.9592553706904, -17.901270231303986 ], [ 30.958685930814624, -17.901623625681616 ], [ 30.958760205581033, -17.903626180521684 ], [ 30.95895827162478, -17.907678339966655 ], [ 30.959131579413071, -17.911306357639933 ], [ 30.958537381281829, -17.912814083405006 ], [ 30.958710689070106, -17.917549201245588 ], [ 30.958438348259964, -17.918656399604579 ], [ 30.954402752618602, -17.924580971127611 ], [ 30.951196558535425, -17.922661101856438 ], [ 30.947928468813579, -17.92071765471589 ], [ 30.946975275978048, -17.920464416094287 ], [ 30.945328851989395, -17.920105169986886 ], [ 30.941776042329654, -17.919533908283256 ], [ 30.932027479238922, -17.919274778655819 ], [ 30.929468094579867, -17.919236498110543 ], [ 30.929452620670222, -17.916601009917908 ], [ 30.929006972071779, -17.915847164745347 ], [ 30.927372927210861, -17.912831751990314 ], [ 30.926506388269463, -17.910040093672045 ], [ 30.926815866462817, -17.909415792759056 ], [ 30.928363257429584, -17.907872699938377 ], [ 30.927136613930902, -17.907219227153906 ], [ 30.935547793688112, -17.900051015296469 ], [ 30.935974873594944, -17.899715287678035 ], [ 30.936630967364859, -17.899302989733489 ], [ 30.93759034976426, -17.898808230935149 ], [ 30.950217060053198, -17.894496703007089 ], [ 30.951380698060216, -17.894225756496468 ], [ 30.952940468154736, -17.894119733836227 ], [ 30.9529652264102, -17.892915194164971 ], [ 30.953027122048873, -17.892703147215144 ], [ 30.95640043435645, -17.890193905738311 ], [ 30.956663490820802, -17.889925897802975 ], [ 30.956777997752344, -17.889734463315705 ], [ 30.959032546390954, -17.886938023693453 ], [ 30.959278581554667, -17.886767202362602 ] ] ] ] } },
{ "type": "Feature", "properties": { "name": "Willowvale", "area_sqkm": 4.635, "Income": 0, "Region": null, "density": "Commercial", "Matched_Ward": "Harare_Ward_5", "Male Population": 5894, "Female Population": 6126, "pop_est": 12020, "Total Households": 3230 }, "geometry": { "type": "MultiPolygon", "coordinates": [ [ [ [ 30.997581923851246, -17.878467443871219 ], [ 30.993499906480871, -17.878975513334989 ], [ 30.989909959437927, -17.879258264406992 ], [ 30.988059279841668, -17.879446764871584 ], [ 30.987390806944017, -17.879552796295009 ], [ 30.986747092301833, -17.87975307769986 ], [ 30.985725814263755, -17.880300905094661 ], [ 30.97962909385463, -17.884006058914249 ], [ 30.972659644940244, -17.888205925158061 ], [ 30.970078596807642, -17.889790421110419 ], [ 30.965671627334249, -17.892417472451761 ], [ 30.965259247641519, -17.893436475173015 ], [ 30.96412655745381, -17.892823896203829 ], [ 30.963061952468664, -17.892128852120493 ], [ 30.962492512592888, -17.891639963549832 ], [ 30.96156407801282, -17.890662182368413 ], [ 30.960487093899935, -17.889401661331071 ], [ 30.95991765402416, -17.888459209847326 ], [ 30.959278581554667, -17.886767202362602 ], [ 30.955900136712561, -17.877955141942333 ], [ 30.962943297429014, -17.875630499783913 ], [ 30.964038455854453, -17.875513388542853 ], [ 30.972264449196071, -17.875226465675965 ], [ 30.976022903708181, -17.875052994228181 ], [ 30.996987556781676, -17.874236907624194 ], [ 30.997464322137763, -17.878028588498086 ], [ 30.997581923851246, -17.878467443871219 ] ] ] ] } },
{ "type": "Feature", "properties": { "name": "Glen Norah", "area_sqkm": 8.016, "Income": 5, "Region": null, "density": "High Density", "Matched_Ward": "Harare_Ward_1", "Male Population": 5705, "Female Population": 5780, "pop_est": 11485, "Total Households": 2967 }, "geometry": { "type": "MultiPolygon", "coordinates": [ [ [ [ 30.965259247641519, -17.893436475173015 ], [ 30.966584588004675, -17.89416096487847 ], [ 30.967884396416771, -17.894867781252685 ], [ 30.971152486138617, -17.896646590002174 ], [ 30.972749393616336, -17.89753598768948 ], [ 30.97481980272989, -17.89865214602812 ], [ 30.976837600550567, -17.899777132287248 ], [ 30.978855398371252, -17.900913891260405 ], [ 30.979820970334519, -17.901650130231658 ], [ 30.980532770179241, -17.902404035771379 ], [ 30.987093707878422, -17.906921511986383 ], [ 30.990064698534646, -17.909088917347663 ], [ 30.990658896665888, -17.909418737579937 ], [ 30.992094875483062, -17.910573103560942 ], [ 30.991154061775255, -17.911538995850663 ], [ 30.990386555855732, -17.912057277348687 ], [ 30.98979235772449, -17.912057277348687 ], [ 30.989272434359648, -17.912198626585159 ], [ 30.98902485180496, -17.912669789892689 ], [ 30.988207829374502, -17.913423648579769 ], [ 30.987712664265128, -17.913706344760829 ], [ 30.987068949622952, -17.914295293689879 ], [ 30.986449993236235, -17.914625104235331 ], [ 30.986375718469819, -17.915072703279645 ], [ 30.986326201958889, -17.915590974445042 ], [ 30.985707245572176, -17.916933760868581 ], [ 30.985187322207334, -17.917664043950257 ], [ 30.984543607565154, -17.918559225557587 ], [ 30.983553277346434, -17.919039205938507 ], [ 30.982934320959721, -17.920075723552443 ], [ 30.982513430616756, -17.920711765449838 ], [ 30.981003177033177, -17.92108867808934 ], [ 30.980309945880062, -17.921536260807287 ], [ 30.979294857405847, -17.922337195480321 ], [ 30.978502593230857, -17.922525650171263 ], [ 30.977784603822268, -17.921654045545125 ], [ 30.976992339647275, -17.921088678089347 ], [ 30.976249591983223, -17.920994450004638 ], [ 30.974665063633243, -17.921112235102679 ], [ 30.97315481004966, -17.921206463124754 ], [ 30.971124633101248, -17.920970892975642 ], [ 30.969787687305946, -17.92066465131353 ], [ 30.968252675466889, -17.921230020122433 ], [ 30.968054609423142, -17.921724716350241 ], [ 30.967782268612986, -17.922348973904381 ], [ 30.967101416587603, -17.922855445398021 ], [ 30.966668147116902, -17.922949672492894 ], [ 30.965380717832563, -17.923968499755425 ], [ 30.964514178891164, -17.924757645168519 ], [ 30.963288645245484, -17.925440783134796 ], [ 30.96156175692655, -17.927313509909606 ], [ 30.961091350072646, -17.928232198823402 ], [ 30.960707597112886, -17.928597317452894 ], [ 30.960447635430462, -17.928679763490859 ], [ 30.95994009119336, -17.928491315347689 ], [ 30.959661560819335, -17.927937747767412 ], [ 30.95929637655118, -17.927613851040366 ], [ 30.958603145398058, -17.927160394627307 ], [ 30.95591687467973, -17.925511452429205 ], [ 30.954402752618602, -17.924580971127611 ], [ 30.958438348259964, -17.918656399604579 ], [ 30.958710689070106, -17.917549201245588 ], [ 30.958537381281829, -17.912814083405006 ], [ 30.959131579413071, -17.911306357639933 ], [ 30.958685930814624, -17.901623625681616 ], [ 30.9592553706904, -17.901270231303986 ], [ 30.963328103714975, -17.896087032880885 ], [ 30.965259247641519, -17.893436475173015 ] ] ] ] } },
{ "type": "Feature", "properties": { "name": "Highfield", "area_sqkm": 8.733, "Income": 5, "Region": null, "density": "High Density", "Matched_Ward": "Harare_Ward_3", "Male Population": 10375, "Female Population": 11130, "pop_est": 21505, "Total Households": 5710 }, "geometry": { "type": "MultiPolygon", "coordinates": [ [ [ [ 31.007986580711982, -17.875775387796928 ], [ 31.008271300649856, -17.877125838969242 ], [ 31.008036097222909, -17.877361467347537 ], [ 31.007045767004172, -17.877667783772047 ], [ 31.006872459215884, -17.877717854675812 ], [ 31.006467042782599, -17.87910805295612 ], [ 31.004350211940039, -17.8863092236734 ], [ 31.004384254541311, -17.887066139583936 ], [ 31.005015590055763, -17.891442640673112 ], [ 31.004600889276684, -17.891430860195925 ], [ 31.004421391924538, -17.891495652810846 ], [ 31.004464718871606, -17.891778383944615 ], [ 31.004396633669067, -17.891907968897062 ], [ 31.004118103295042, -17.891902078674008 ], [ 31.003981932889964, -17.892190699373987 ], [ 31.003901468559697, -17.892703147215389 ], [ 31.003678644260471, -17.893233264114876 ], [ 31.003455819961253, -17.893409969396146 ], [ 31.003263943481375, -17.893751599107656 ], [ 31.003263943481375, -17.893922413716787 ], [ 31.002911138340952, -17.894105008461967 ], [ 31.002849242702275, -17.894328834022328 ], [ 31.002855432266141, -17.894676352096049 ], [ 31.003041119182154, -17.894976748526613 ], [ 31.002997792235078, -17.89515934218689 ], [ 31.002682124477857, -17.895283034559668 ], [ 31.002261234134888, -17.89535960598533 ], [ 31.002063168091141, -17.895477408114129 ], [ 31.001592761237248, -17.895471518009543 ], [ 31.000979994414401, -17.896054637414711 ], [ 31.00081287618999, -17.896384481886216 ], [ 31.00089334052026, -17.896979378400619 ], [ 31.001060458744675, -17.897356341496128 ], [ 31.000998563105998, -17.897503592487777 ], [ 30.999940147684722, -17.897697963609613 ], [ 30.999581152980422, -17.897798094104427 ], [ 30.999129314818116, -17.898039585065295 ], [ 30.998733182730621, -17.89810437526716 ], [ 30.998361808898597, -17.8978569943691 ], [ 30.998287534132189, -17.897856994369096 ], [ 30.998108036780042, -17.898204505532593 ], [ 30.997848075097625, -17.898404765893922 ], [ 30.997167223072243, -17.899724122623724 ], [ 30.997315772605049, -17.900101079887111 ], [ 30.997105327433566, -17.900301338107472 ], [ 30.997055810922632, -17.900843212158446 ], [ 30.997451943010127, -17.901196607386847 ], [ 30.997848075097636, -17.901502882681932 ], [ 30.998355619334742, -17.902138991220372 ], [ 30.998566064506221, -17.90268085965743 ], [ 30.998677476655828, -17.903175607654166 ], [ 30.998182311546461, -17.903234506133273 ], [ 30.997650009053888, -17.903693913599053 ], [ 30.997315772605063, -17.903870608461322 ], [ 30.996969157028499, -17.904235777285493 ], [ 30.996573024941011, -17.904459590064146 ], [ 30.99633782151405, -17.904871876022249 ], [ 30.996189271981233, -17.905213483661431 ], [ 30.995855035532415, -17.906049830620994 ], [ 30.995198941762496, -17.906556348692714 ], [ 30.994617122758996, -17.907887424170088 ], [ 30.993756773381467, -17.908929896659323 ], [ 30.993533949082256, -17.909365730798314 ], [ 30.99340396824104, -17.90968377125057 ], [ 30.993255418708237, -17.909842791262744 ], [ 30.992094875483062, -17.910573103560942 ], [ 30.990658896665888, -17.909418737579937 ], [ 30.990064698534646, -17.909088917347663 ], [ 30.980532770179241, -17.902404035771379 ], [ 30.979820970334519, -17.901650130231658 ], [ 30.978855398371252, -17.900913891260405 ], [ 30.976837600550567, -17.899777132287248 ], [ 30.97481980272989, -17.89865214602812 ], [ 30.972749393616336, -17.89753598768948 ], [ 30.971152486138617, -17.896646590002174 ], [ 30.967884396416771, -17.894867781252685 ], [ 30.965259247641519, -17.893436475173015 ], [ 30.965671627334249, -17.892417472451761 ], [ 30.970078596807642, -17.889790421110419 ], [ 30.972659644940244, -17.888205925158061 ], [ 30.97962909385463, -17.884006058914249 ], [ 30.985725814263755, -17.880300905094661 ], [ 30.986747092301833, -17.87975307769986 ], [ 30.987390806944017, -17.879552796295009 ], [ 30.993499906480871, -17.878975513334989 ], [ 30.997581923851246, -17.878467443871219 ], [ 30.99992622116595, -17.878097804014864 ], [ 31.002499532343744, -17.877474863392901 ], [ 31.007986580711982, -17.875775387796928 ] ] ] ] } },
{ "type": "Feature", "properties": { "name": "Ardbennie", "area_sqkm": 1.448, "Income": 4, "Region": null, "density": "High Density", "Matched_Ward": "Harare_Ward_3", "Male Population": 10375, "Female Population": 11130, "pop_est": 21505, "Total Households": 5710 }, "geometry": { "type": "MultiPolygon", "coordinates": [ [ [ [ 31.019328956498573, -17.873522158516899 ], [ 31.016970732665204, -17.877164128602022 ], [ 31.014018310700578, -17.881782386843497 ], [ 31.013281752600395, -17.882931042118663 ], [ 31.01119277479523, -17.885284289592864 ], [ 31.009246156959012, -17.887422507436156 ], [ 31.008899541382451, -17.887814216729332 ], [ 31.008608631880701, -17.888223596194756 ], [ 31.008243447612536, -17.888856807177437 ], [ 31.00798658071206, -17.889437003164559 ], [ 31.007609017316163, -17.889707956986083 ], [ 31.007132420898397, -17.889684395800639 ], [ 31.007002440057185, -17.889808091989373 ], [ 31.006798184449572, -17.89099792711648 ], [ 31.006618687097426, -17.891109841891307 ], [ 31.0063865784524, -17.891056829638348 ], [ 31.006157564589319, -17.891065665014935 ], [ 31.005826422922429, -17.891215866349725 ], [ 31.00563454644255, -17.891366067557396 ], [ 31.005374584760126, -17.891333671229241 ], [ 31.005015590055763, -17.891442640673112 ], [ 31.004384254541311, -17.887066139583936 ], [ 31.004350211940039, -17.8863092236734 ], [ 31.006872459215884, -17.877717854675812 ], [ 31.008036097222909, -17.877361467347537 ], [ 31.008271300649856, -17.877125838969242 ], [ 31.007986580711982, -17.875775387796928 ], [ 31.013594325575646, -17.873760737087487 ], [ 31.015599744268606, -17.873159871926728 ], [ 31.018549071451311, -17.873198162414255 ], [ 31.018762611404725, -17.873245289156813 ], [ 31.018960677448472, -17.873324815506543 ], [ 31.019328956498573, -17.873522158516899 ] ] ] ] } },
{ "type": "Feature", "properties": { "name": "Mbare", "area_sqkm": 3.892, "Income": 5, "Region": null, "density": "High Density", "Matched_Ward": "Harare_Ward_3", "Male Population": 10375, "Female Population": 11130, "pop_est": 21505, "Total Households": 5710 }, "geometry": { "type": "MultiPolygon", "coordinates": [ [ [ [ 31.040848553318753, -17.849498324796375 ], [ 31.040823764418171, -17.849599349270392 ], [ 31.039279468233328, -17.850795345231681 ], [ 31.038960705694166, -17.851072249554353 ], [ 31.038796682251689, -17.851708538705363 ], [ 31.038623374463416, -17.853010567745333 ], [ 31.040997072206469, -17.853299251626389 ], [ 31.040763416170488, -17.855221344094215 ], [ 31.038374244517787, -17.854938554781373 ], [ 31.038330917570711, -17.855050492271456 ], [ 31.038429950592587, -17.855286149915088 ], [ 31.038454708848057, -17.855627852943748 ], [ 31.038773471387209, -17.856066763629464 ], [ 31.039448133848722, -17.85649683613665 ], [ 31.04007018501737, -17.856867993765714 ], [ 31.04120906476895, -17.857978516331411 ], [ 31.041270960407626, -17.858667802711818 ], [ 31.041233823024417, -17.860028693617966 ], [ 31.042122025439358, -17.860016911057407 ], [ 31.042165352386423, -17.860122954074267 ], [ 31.041973475906541, -17.861448486448893 ], [ 31.041552585563579, -17.863363126877168 ], [ 31.040946008304605, -17.866149628256963 ], [ 31.040915060485265, -17.86623063055071 ], [ 31.040854712237561, -17.866282177445687 ], [ 31.040775795298252, -17.866283650213898 ], [ 31.040630340547377, -17.866252722078965 ], [ 31.039016411769023, -17.865950804288538 ], [ 31.037499968621574, -17.865629739929258 ], [ 31.037029561767689, -17.867750521290571 ], [ 31.038614090117676, -17.86806274529846 ], [ 31.039511576878407, -17.868233584617794 ], [ 31.040316220181136, -17.868439769784487 ], [ 31.040229566286996, -17.869017086978676 ], [ 31.040142912392852, -17.86978291301579 ], [ 31.039994362860043, -17.870713681756378 ], [ 31.040068637626455, -17.871444155075075 ], [ 31.040662835757718, -17.872424987509806 ], [ 31.040774247907326, -17.873367524087467 ], [ 31.041516995571378, -17.874427871760751 ], [ 31.026372680179477, -17.873903589535455 ], [ 31.022857007902942, -17.874009624267622 ], [ 31.020610196219188, -17.874003733450834 ], [ 31.019749846841655, -17.873762209794119 ], [ 31.019328956498573, -17.873522158516899 ], [ 31.019495867992141, -17.873270201183487 ], [ 31.030590671943514, -17.856521498887528 ], [ 31.035302006574259, -17.849529071003261 ], [ 31.036307952656042, -17.848281649201933 ], [ 31.037969148020451, -17.847029826279154 ], [ 31.038633626166217, -17.846731144420918 ], [ 31.040848553318753, -17.849498324796375 ] ] ] ] } },
{ "type": "Feature", "properties": { "name": "Hostels", "area_sqkm": 1.337, "Income": 6, "Region": null, "density": "High Density", "Matched_Ward": "Harare_Ward_3", "Male Population": 10375, "Female Population": 11130, "pop_est": 21505, "Total Households": 5710 }, "geometry": { "type": "MultiPolygon", "coordinates": [ [ [ [ 31.045103059224278, -17.844578863268623 ], [ 31.045387794074799, -17.845352909506413 ], [ 31.045412552330269, -17.846330939994527 ], [ 31.04534446712773, -17.84699081294988 ], [ 31.045864390492572, -17.847279506598426 ], [ 31.046384313857409, -17.848045426253513 ], [ 31.046074835664051, -17.848882042417191 ], [ 31.044997851551173, -17.849376940267959 ], [ 31.044973093295706, -17.849942536126139 ], [ 31.044589340335939, -17.850107501246114 ], [ 31.044490307314064, -17.850602395688274 ], [ 31.045096884573045, -17.851073722448579 ], [ 31.045183538467185, -17.855315607098628 ], [ 31.045034988934368, -17.856116840618764 ], [ 31.045653945321082, -17.857412946023928 ], [ 31.045777736598428, -17.858520519521679 ], [ 31.045592049682416, -17.85943956463403 ], [ 31.045282571489061, -17.859922650544924 ], [ 31.045158780211739, -17.860700298278822 ], [ 31.044997851551198, -17.861548637382381 ], [ 31.044527444697295, -17.862809356072727 ], [ 31.044205587376201, -17.863292432827993 ], [ 31.043945625693784, -17.864388187431594 ], [ 31.043719706612638, -17.86564594043838 ], [ 31.04375684399584, -17.866623859343097 ], [ 31.043385470163813, -17.867531080504005 ], [ 31.042890305054442, -17.867955234263349 ], [ 31.042617964244286, -17.86828513093192 ], [ 31.042605585116554, -17.868815320723503 ], [ 31.04279127203257, -17.870123115446738 ], [ 31.042444656456006, -17.870924282234991 ], [ 31.042122799134919, -17.871348427895846 ], [ 31.042246590412258, -17.871913953868816 ], [ 31.041949491346642, -17.87255016843698 ], [ 31.041367672343128, -17.872479478041896 ], [ 31.040662835757718, -17.872424987509806 ], [ 31.040068637626455, -17.871444155075075 ], [ 31.039994362860043, -17.870713681756378 ], [ 31.040142912392852, -17.86978291301579 ], [ 31.040229566286996, -17.869017086978676 ], [ 31.040316220181136, -17.868439769784487 ], [ 31.039511576878407, -17.868233584617794 ], [ 31.038614090117676, -17.86806274529846 ], [ 31.037029561767689, -17.867750521290571 ], [ 31.037499968621574, -17.865629739929258 ], [ 31.039016411769023, -17.865950804288538 ], [ 31.040630340547377, -17.866252722078965 ], [ 31.040775795298252, -17.866283650213898 ], [ 31.040854712237561, -17.866282177445687 ], [ 31.040915060485265, -17.86623063055071 ], [ 31.040946008304605, -17.866149628256963 ], [ 31.041552585563579, -17.863363126877168 ], [ 31.041973475906541, -17.861448486448893 ], [ 31.042165352386423, -17.860122954074267 ], [ 31.042122025439358, -17.860016911057407 ], [ 31.041233823024417, -17.860028693617966 ], [ 31.041270960407626, -17.858667802711818 ], [ 31.04120906476895, -17.857978516331411 ], [ 31.04007018501737, -17.856867993765714 ], [ 31.038773471387209, -17.856066763629464 ], [ 31.038454708848057, -17.855627852943748 ], [ 31.038429950592587, -17.855286149915088 ], [ 31.038330917570711, -17.855050492271456 ], [ 31.038374244517787, -17.854938554781373 ], [ 31.040763416170488, -17.855221344094215 ], [ 31.040997072206469, -17.853299251626389 ], [ 31.038623374463416, -17.853010567745333 ], [ 31.038796682251689, -17.851708538705363 ], [ 31.038960705694166, -17.851072249554353 ], [ 31.039279468233328, -17.850795345231681 ], [ 31.040823764418171, -17.849599349270392 ], [ 31.040848553318753, -17.849498324796375 ], [ 31.041411513970033, -17.84908544664636 ], [ 31.041457658285708, -17.848496874010223 ], [ 31.040682433782319, -17.847521771776364 ], [ 31.04069166264545, -17.847152812780958 ], [ 31.043331117502241, -17.845228942768415 ], [ 31.04358952567004, -17.84447344474761 ], [ 31.045103059224278, -17.844578863268623 ] ] ] ] } },
{ "type": "Feature", "properties": { "name": "Arcadia", "area_sqkm": 2.129, "Income": 4, "Region": null, "density": "Medium Density", "Matched_Ward": "Harare_Ward_4", "Male Population": 10381, "Female Population": 10519, "pop_est": 20900, "Total Households": 5459 }, "geometry": { "type": "MultiPolygon", "coordinates": [ [ [ [ 31.061955540114166, -17.849001443394762 ], [ 31.060009091320058, -17.849558107887045 ], [ 31.05871856725377, -17.849979358710875 ], [ 31.057765374418231, -17.850391771138639 ], [ 31.056496513825468, -17.851104653223622 ], [ 31.055431908840326, -17.851894122612503 ], [ 31.054652023793068, -17.852300639065696 ], [ 31.053754537032336, -17.852606998677476 ], [ 31.053469817094445, -17.852665913926955 ], [ 31.050888768961869, -17.853213824812524 ], [ 31.048809075502515, -17.853496616867364 ], [ 31.047274063663458, -17.853543748832806 ], [ 31.046419903849809, -17.855287622774458 ], [ 31.045158433123213, -17.854086659774438 ], [ 31.045138221522983, -17.853097262977265 ], [ 31.045096884573045, -17.851073722448579 ], [ 31.044490307314064, -17.850602395688274 ], [ 31.044589340335939, -17.850107501246114 ], [ 31.044973093295706, -17.849942536126139 ], [ 31.044997851551173, -17.849376940267959 ], [ 31.046074835664051, -17.848882042417191 ], [ 31.046384313857409, -17.848045426253513 ], [ 31.045864390492572, -17.847279506598426 ], [ 31.04534446712773, -17.84699081294988 ], [ 31.045412552330269, -17.846330939994527 ], [ 31.045387794074799, -17.845352909506413 ], [ 31.045103059224278, -17.844578863268623 ], [ 31.045546044654795, -17.844473444747614 ], [ 31.047188782292935, -17.843594954644367 ], [ 31.050658834831932, -17.841829176420671 ], [ 31.051157193441256, -17.841653476136745 ], [ 31.05174784068193, -17.841618336059152 ], [ 31.052726100174311, -17.841143944332696 ], [ 31.052763015626851, -17.840880392827284 ], [ 31.053436722635752, -17.840485064837601 ], [ 31.053925852381937, -17.839747116908015 ], [ 31.054359608949323, -17.839509918709592 ], [ 31.059804638199342, -17.835749845800841 ], [ 31.062148769435797, -17.835047019627073 ], [ 31.061641758767593, -17.83573392242598 ], [ 31.061484868094283, -17.836234684427261 ], [ 31.060266658160369, -17.837936825437744 ], [ 31.059445289341301, -17.839570865499017 ], [ 31.059302241962698, -17.840633862003344 ], [ 31.05927916980486, -17.841437693988215 ], [ 31.059403759457187, -17.841973579961607 ], [ 31.059832901592991, -17.843405529647516 ], [ 31.060566596212272, -17.845562217401998 ], [ 31.061360278441924, -17.847727663740287 ], [ 31.061955540114166, -17.849001443394762 ] ] ] ] } },
{ "type": "Feature", "properties": { "name": "Granitesite", "area_sqkm": 1.971, "Income": 0, "Region": null, "density": "Low Density", "Matched_Ward": "Harare_Ward_3", "Male Population": 10375, "Female Population": 11130, "pop_est": 21505, "Total Households": 5710 }, "geometry": { "type": "MultiPolygon", "coordinates": [ [ [ [ 31.053560655089104, -17.852647117412193 ], [ 31.053800958761379, -17.853364058147648 ], [ 31.054763435942728, -17.855493822954816 ], [ 31.055376202765576, -17.856324512688531 ], [ 31.056193225196036, -17.857390853397341 ], [ 31.058483363826877, -17.860578054636914 ], [ 31.057821080493095, -17.861025789976011 ], [ 31.053147959773408, -17.864009681564685 ], [ 31.052002890457992, -17.864757855807884 ], [ 31.05116729933593, -17.865423551502928 ], [ 31.049879870051566, -17.866890429677667 ], [ 31.049186638898441, -17.868050963270484 ], [ 31.048524355564652, -17.869453019127583 ], [ 31.048118939131353, -17.870154042908229 ], [ 31.047769228772857, -17.870666554342467 ], [ 31.047431897542101, -17.871064191505909 ], [ 31.046184700422867, -17.872265933969366 ], [ 31.044067869580307, -17.87364439325717 ], [ 31.041949491346642, -17.87255016843698 ], [ 31.042246590412258, -17.871913953868816 ], [ 31.042122799134919, -17.871348427895846 ], [ 31.042475292965918, -17.870853469191758 ], [ 31.04279127203257, -17.870123115446738 ], [ 31.042605585116554, -17.868815320723503 ], [ 31.042617964244286, -17.86828513093192 ], [ 31.042890305054442, -17.867955234263349 ], [ 31.043385470163813, -17.867531080504005 ], [ 31.04375684399584, -17.866623859343097 ], [ 31.043719706612638, -17.86564594043838 ], [ 31.043945625693784, -17.864388187431594 ], [ 31.044205587376201, -17.863292432827993 ], [ 31.044527444697295, -17.862809356072727 ], [ 31.044997851551198, -17.861548637382381 ], [ 31.045282571489061, -17.859922650544924 ], [ 31.045592049682416, -17.85943956463403 ], [ 31.045777736598428, -17.858520519521679 ], [ 31.045653945321082, -17.857412946023928 ], [ 31.045034988934368, -17.856116840618764 ], [ 31.045183538467185, -17.855315607098628 ], [ 31.045158433123213, -17.854086659774438 ], [ 31.046419903849809, -17.855287622774458 ], [ 31.047274063663458, -17.853543748832806 ], [ 31.048809075502515, -17.853496616867364 ], [ 31.050888768961869, -17.853213824812524 ], [ 31.053560655089104, -17.852647117412193 ] ] ] ] } },
{ "type": "Feature", "properties": { "name": "Queensdale", "area_sqkm": 5.627, "Income": 4, "Region": null, "density": "Medium Density", "Matched_Ward": "Harare_Ward_2", "Male Population": 12684, "Female Population": 13774, "pop_est": 26458, "Total Households": 7074 }, "geometry": { "type": "MultiPolygon", "coordinates": [ [ [ [ 31.087525835843017, -17.833454668815921 ], [ 31.08792170327434, -17.834158201884957 ], [ 31.091969678043466, -17.83532484111193 ], [ 31.096574713560631, -17.837163166201414 ], [ 31.09910005561844, -17.838341569737953 ], [ 31.099260984278985, -17.838647953379951 ], [ 31.098443961848513, -17.840780840276345 ], [ 31.09893912695788, -17.841181490212623 ], [ 31.099619978983267, -17.843597154542493 ], [ 31.098146862782869, -17.847674250216382 ], [ 31.097329840352408, -17.849830595421345 ], [ 31.097267944713739, -17.850961782455499 ], [ 31.096129064962177, -17.851845517321621 ], [ 31.092022289336313, -17.857981462004883 ], [ 31.09253911791922, -17.858323159855072 ], [ 31.091035053899496, -17.860676733245437 ], [ 31.090849366983477, -17.860894709680373 ], [ 31.090555362699789, -17.861145087688058 ], [ 31.078768885705742, -17.86707010669361 ], [ 31.074934450890019, -17.868978795589733 ], [ 31.074659015297929, -17.869027396196788 ], [ 31.074269072774296, -17.869074524045473 ], [ 31.073353017321939, -17.869002359522092 ], [ 31.072693828770092, -17.867900742343505 ], [ 31.070779486879811, -17.864245462286494 ], [ 31.070913305395276, -17.864192758861218 ], [ 31.072412995654808, -17.863481261090769 ], [ 31.072532970875574, -17.863375853771483 ], [ 31.073040558348026, -17.862304209144575 ], [ 31.073887306540712, -17.860661593776424 ], [ 31.074219545613595, -17.860224585260532 ], [ 31.074874794896221, -17.85904751175482 ], [ 31.075342006092459, -17.857577256945124 ], [ 31.075531197786731, -17.857133652658867 ], [ 31.076980129299013, -17.855236243620215 ], [ 31.079111996683338, -17.852572370154089 ], [ 31.081488428940716, -17.849637231724497 ], [ 31.083740271545821, -17.851227241643322 ], [ 31.085526056562564, -17.849189215314038 ], [ 31.08113311771001, -17.845974005626097 ], [ 31.077972232086058, -17.844831977275 ], [ 31.077197007582669, -17.844445442942423 ], [ 31.076682970665054, -17.843607753661768 ], [ 31.077856294492861, -17.843313836895533 ], [ 31.080661868886089, -17.84323037997838 ], [ 31.081487852136725, -17.84311178323934 ], [ 31.083125975343297, -17.842628610522777 ], [ 31.085110180917464, -17.841275719939041 ], [ 31.086457594935265, -17.839852538228051 ], [ 31.087278963754333, -17.838359063705056 ], [ 31.087408167838237, -17.836821650375093 ], [ 31.087315879206876, -17.835284223770792 ], [ 31.087315879206876, -17.834370546815038 ], [ 31.087525835843017, -17.833454668815921 ] ] ] ] } },
{ "type": "Feature", "properties": { "name": "Chadcombe", "area_sqkm": 1.362, "Income": 4, "Region": null, "density": "Medium Density", "Matched_Ward": "Harare_Ward_2", "Male Population": 12684, "Female Population": 13774, "pop_est": 26458, "Total Households": 7074 }, "geometry": { "type": "MultiPolygon", "coordinates": [ [ [ [ 31.097687190516766, -17.848887454012115 ], [ 31.098338739262665, -17.848701610566227 ], [ 31.099031970415787, -17.848630910689209 ], [ 31.100344157955611, -17.848713393876338 ], [ 31.10161920811225, -17.849055109529996 ], [ 31.102436230542704, -17.851894859055687 ], [ 31.103643195496804, -17.854743400435673 ], [ 31.106137589735273, -17.860782039461959 ], [ 31.106360414034476, -17.861291632299629 ], [ 31.106385172289947, -17.861449222852599 ], [ 31.106365829902852, -17.861532436499466 ], [ 31.106322502955791, -17.8615884031781 ], [ 31.10515344908039, -17.862490495238777 ], [ 31.104823854804476, -17.862715833439044 ], [ 31.104666020925862, -17.862836602814454 ], [ 31.104498902701447, -17.863007447156612 ], [ 31.10434725838671, -17.863278441293655 ], [ 31.104141455388127, -17.863639275237084 ], [ 31.1012168864609, -17.862229809513504 ], [ 31.100170850167352, -17.861770294762003 ], [ 31.094368134041925, -17.859195811945625 ], [ 31.09253911791922, -17.858323159855072 ], [ 31.092022289336313, -17.857981462004883 ], [ 31.096129064962177, -17.851845517321621 ], [ 31.097267944713739, -17.850961782455499 ], [ 31.097329840352408, -17.849830595421345 ], [ 31.097687190516766, -17.848887454012115 ] ] ] ] } },
{ "type": "Feature", "properties": { "name": "Masasa", "area_sqkm": 3.294, "Income": 4, "Region": null, "density": "High Density", "Matched_Ward": "Epworth_Ward_1", "Male Population": 22475, "Female Population": 22848, "pop_est": 45323, "Total Households": 12722 }, "geometry": { "type": "MultiPolygon", "coordinates": [ [ [ [ 31.104141455388127, -17.863639275237084 ], [ 31.104498902701447, -17.863007447156612 ], [ 31.104666020925862, -17.862836602814454 ], [ 31.104823854804476, -17.862715833439044 ], [ 31.10515344908039, -17.862490495238777 ], [ 31.106322502955791, -17.8615884031781 ], [ 31.106365829902852, -17.861532436499466 ], [ 31.106385172289947, -17.861449222852599 ], [ 31.106360414034476, -17.861291632299629 ], [ 31.106137589735273, -17.860782039461959 ], [ 31.103643195496804, -17.854743400435673 ], [ 31.102436230542704, -17.851894859055687 ], [ 31.10161920811225, -17.849055109529996 ], [ 31.102556927038229, -17.849392405803229 ], [ 31.105094648223755, -17.849910868696835 ], [ 31.106245907103023, -17.849580937939333 ], [ 31.107360028599107, -17.8498401693003 ], [ 31.112881119568588, -17.848638275261113 ], [ 31.114440889663104, -17.848072675257036 ], [ 31.116074934524033, -17.848308342143891 ], [ 31.11642155010059, -17.848261208791488 ], [ 31.118204144494317, -17.848190508739478 ], [ 31.119739156333374, -17.848402608811238 ], [ 31.120184804931803, -17.848991774350694 ], [ 31.122586355712244, -17.861458059701953 ], [ 31.122734905245053, -17.863802754864299 ], [ 31.117981320195071, -17.865098804245832 ], [ 31.113673383743546, -17.865260809754144 ], [ 31.110269123616622, -17.865360958539966 ], [ 31.109937981949731, -17.865316775259057 ], [ 31.109662546357647, -17.865135623692503 ], [ 31.109568155508668, -17.865107640913727 ], [ 31.10878362828851, -17.865113532025422 ], [ 31.108573183117031, -17.865210735340053 ], [ 31.108356548381678, -17.865257864200743 ], [ 31.106762735685891, -17.865284374179399 ], [ 31.106515153131205, -17.865402196258895 ], [ 31.105425789890589, -17.864436052901702 ], [ 31.104141455388127, -17.863639275237084 ] ] ] ] } },
{ "type": "Feature", "properties": { "name": "Ventersburg", "area_sqkm": 16.765, "Income": 0, "Region": null, "density": "Low Density", "Matched_Ward": "Epworth_Ward_7", "Male Population": 13364, "Female Population": 13917, "pop_est": 27281, "Total Households": 7539 }, "geometry": { "type": "MultiPolygon", "coordinates": [ [ [ [ 31.204121480534152, -17.8859138295457 ], [ 31.186295536596813, -17.878798057354043 ], [ 31.122652272348251, -17.862498486969287 ], [ 31.122586355712244, -17.861458059701953 ], [ 31.120184804931803, -17.848991774350694 ], [ 31.124300864903624, -17.849860789960591 ], [ 31.127123306027038, -17.85012002091382 ], [ 31.133758518492602, -17.850544216204387 ], [ 31.140356593574968, -17.850933060998944 ], [ 31.144763563048368, -17.851098025200493 ], [ 31.146174783610078, -17.850709180766483 ], [ 31.14796356756769, -17.850997868382073 ], [ 31.149876142802626, -17.851292447098789 ], [ 31.154809225204726, -17.852064241023513 ], [ 31.156319478788319, -17.852358817974505 ], [ 31.156851781280892, -17.852494323208173 ], [ 31.161753915863653, -17.854149835337573 ], [ 31.169020463843665, -17.856718499813535 ], [ 31.179827442355677, -17.860712817200945 ], [ 31.186518360896041, -17.863157672218513 ], [ 31.194837134733486, -17.866209275403833 ], [ 31.196310250933863, -17.866777763258714 ], [ 31.197438298948644, -17.867322685143449 ], [ 31.198886656893556, -17.868153319612929 ], [ 31.200174086177917, -17.869060532966873 ], [ 31.206128446618106, -17.873749691790483 ], [ 31.208839475591905, -17.875876267001676 ], [ 31.211593831512786, -17.878026379491892 ], [ 31.214168690081504, -17.879887825723756 ], [ 31.209563654564356, -17.88146650534005 ], [ 31.211668106279191, -17.885354238586554 ], [ 31.207954367958905, -17.885849034893397 ], [ 31.204121480534152, -17.8859138295457 ] ] ] ] } },
{ "type": "Feature", "properties": { "name": "Epworth", "area_sqkm": 28.868, "Income": 6, "Region": null, "density": "High Density", "Matched_Ward": "Epworth_Ward_7", "Male Population": 13364, "Female Population": 13917, "pop_est": 27281, "Total Households": 7539 }, "geometry": { "type": "MultiPolygon", "coordinates": [ [ [ [ 31.122652272348251, -17.862498486969287 ], [ 31.186295536596813, -17.878798057354043 ], [ 31.204121480534152, -17.8859138295457 ], [ 31.198527662189349, -17.889845642600861 ], [ 31.198131530101854, -17.895877198505495 ], [ 31.191397284614414, -17.904641437738665 ], [ 31.190505987417552, -17.915101414363871 ], [ 31.17407888491417, -17.907963253943329 ], [ 31.170464179615756, -17.920920098121073 ], [ 31.168211178368121, -17.919765799531937 ], [ 31.162516779610364, -17.916326416295675 ], [ 31.159818129764286, -17.915066077644031 ], [ 31.157664161538523, -17.91415909942388 ], [ 31.157057584279549, -17.91368794007515 ], [ 31.156376732254145, -17.912828071035186 ], [ 31.15439607181667, -17.910307335018249 ], [ 31.151301289883108, -17.90691488604611 ], [ 31.149828173682728, -17.9053953305629 ], [ 31.148887359974921, -17.904782792887332 ], [ 31.146498188322205, -17.903628389209384 ], [ 31.145408825081589, -17.902909828023756 ], [ 31.142023133646241, -17.899481897709332 ], [ 31.140574775701328, -17.898115419049056 ], [ 31.132317897502588, -17.890911782142854 ], [ 31.131073795165296, -17.88991043579443 ], [ 31.130232014479365, -17.889474553854523 ], [ 31.129575920709446, -17.88932140589181 ], [ 31.128139941892275, -17.889121135279641 ], [ 31.126877270863378, -17.88897976765265 ], [ 31.125948836283303, -17.888626348092636 ], [ 31.125057539086445, -17.888107998131797 ], [ 31.124463340955181, -17.887460058552275 ], [ 31.124116725378624, -17.886894582077559 ], [ 31.123856763696214, -17.886117048983841 ], [ 31.123782488929805, -17.88533951248488 ], [ 31.123770109802074, -17.884232106138263 ], [ 31.123751541110472, -17.882429610825589 ], [ 31.123565854194457, -17.881351639199572 ], [ 31.12315115341536, -17.880250098592775 ], [ 31.122457922262242, -17.878677298825949 ], [ 31.121916335423851, -17.877696500909586 ], [ 31.122507438773166, -17.877325386772206 ], [ 31.123968175845803, -17.875829140957016 ], [ 31.127285782078587, -17.871964762754548 ], [ 31.131247102953548, -17.865955958986564 ], [ 31.122734905245053, -17.863802754864299 ], [ 31.122652272348251, -17.862498486969287 ] ] ] ] } },
{ "type": "Feature", "properties": { "name": "Park Meadowlands", "area_sqkm": 2.054, "Income": 4, "Region": null, "density": "High Density", "Matched_Ward": "Epworth_Ward_1", "Male Population": 22475, "Female Population": 22848, "pop_est": 45323, "Total Households": 12722 }, "geometry": { "type": "MultiPolygon", "coordinates": [ [ [ [ 31.106515153131205, -17.865402196258895 ], [ 31.106762735685891, -17.865284374179399 ], [ 31.108356548381678, -17.865257864200743 ], [ 31.108573183117031, -17.865210735340053 ], [ 31.10878362828851, -17.865113532025422 ], [ 31.109568155508668, -17.865107640913727 ], [ 31.109662546357647, -17.865135623692503 ], [ 31.109937981949731, -17.865316775259057 ], [ 31.110269123616622, -17.865360958539966 ], [ 31.117981320195071, -17.865098804245832 ], [ 31.122734905245053, -17.863802754864299 ], [ 31.131247102953548, -17.865955958986564 ], [ 31.127285782078587, -17.871964762754548 ], [ 31.123968175845803, -17.875829140957016 ], [ 31.122507438773166, -17.877325386772206 ], [ 31.121916335423851, -17.877696500909586 ], [ 31.121281905127567, -17.876992561529242 ], [ 31.120180162759222, -17.876144296142975 ], [ 31.115847468052209, -17.87308108185929 ], [ 31.111527152472956, -17.870123851814675 ], [ 31.109893107612027, -17.868592199378693 ], [ 31.106515153131205, -17.865402196258895 ] ] ] ] } },
{ "type": "Feature", "properties": { "name": "Hatfield", "area_sqkm": 13.047, "Income": 3, "Region": null, "density": "Medium Density", "Matched_Ward": "Epworth_Ward_1", "Male Population": 22475, "Female Population": 22848, "pop_est": 45323, "Total Households": 12722 }, "geometry": { "type": "MultiPolygon", "coordinates": [ [ [ [ 31.073353017321939, -17.869002359522092 ], [ 31.074269072774296, -17.869074524045473 ], [ 31.074934450890019, -17.868978795589733 ], [ 31.078768885705742, -17.86707010669361 ], [ 31.090555362699789, -17.861145087688058 ], [ 31.091035053899496, -17.860676733245437 ], [ 31.09253911791922, -17.858323159855072 ], [ 31.094368134041925, -17.859195811945625 ], [ 31.100170850167352, -17.861770294762003 ], [ 31.1012168864609, -17.862229809513504 ], [ 31.104141455388127, -17.863639275237084 ], [ 31.105425789890589, -17.864436052901702 ], [ 31.106515153131205, -17.865402196258895 ], [ 31.109893107612027, -17.868592199378693 ], [ 31.111527152472956, -17.870123851814675 ], [ 31.115847468052209, -17.87308108185929 ], [ 31.120180162759222, -17.876144296142975 ], [ 31.121281905127567, -17.876992561529242 ], [ 31.121916335423851, -17.877696500909586 ], [ 31.122457922262242, -17.878677298825949 ], [ 31.12315115341536, -17.880250098592775 ], [ 31.123565854194457, -17.881351639199572 ], [ 31.123751541110472, -17.882429610825589 ], [ 31.123770109802074, -17.884232106138263 ], [ 31.123782488929805, -17.88533951248488 ], [ 31.123856763696214, -17.886117048983841 ], [ 31.124116725378624, -17.886894582077559 ], [ 31.124463340955181, -17.887460058552275 ], [ 31.120727939161512, -17.89110616048519 ], [ 31.113300462520943, -17.888585115764844 ], [ 31.108503550523924, -17.889468663550748 ], [ 31.106962349121005, -17.889816191141406 ], [ 31.099245338409947, -17.891732354036879 ], [ 31.096477227930077, -17.892419681278966 ], [ 31.095183609081843, -17.892843775602639 ], [ 31.093320550357841, -17.893297319799533 ], [ 31.09004008150826, -17.894116052492816 ], [ 31.086722475275479, -17.894893550546378 ], [ 31.080341034928459, -17.882335362201324 ], [ 31.076299249723228, -17.874801200997499 ], [ 31.07621259582907, -17.874624477196118 ], [ 31.073353017321939, -17.869002359522092 ] ] ] ] } },
{ "type": "Feature", "properties": { "name": "St Martins", "area_sqkm": 2.285, "Income": 4, "Region": null, "density": "High Density", "Matched_Ward": "Harare_Ward_3", "Male Population": 10375, "Female Population": 11130, "pop_est": 21505, "Total Households": 5710 }, "geometry": { "type": "MultiPolygon", "coordinates": [ [ [ [ 31.058483363826877, -17.860578054636914 ], [ 31.056193225196036, -17.857390853397341 ], [ 31.054763435942728, -17.855493822954816 ], [ 31.053800958761379, -17.853364058147648 ], [ 31.053560655089104, -17.852647117412193 ], [ 31.053754537032336, -17.852606998677476 ], [ 31.054652023793068, -17.852300639065696 ], [ 31.055431908840326, -17.851894122612503 ], [ 31.056496513825468, -17.851104653223622 ], [ 31.057765374418231, -17.850391771138639 ], [ 31.060009091320058, -17.849558107887045 ], [ 31.061955540114166, -17.849001443394762 ], [ 31.062051289569297, -17.849670174063089 ], [ 31.062337384326504, -17.850557418754974 ], [ 31.062817285209558, -17.852235265433382 ], [ 31.063703256070578, -17.85468612297845 ], [ 31.064579998068464, -17.856214597683554 ], [ 31.065770521412951, -17.857866038348725 ], [ 31.067807792950138, -17.860121372037174 ], [ 31.069948889197601, -17.862818072333237 ], [ 31.070779486879811, -17.864245462286494 ], [ 31.072693828770092, -17.867900742343505 ], [ 31.073353017321939, -17.869002359522092 ], [ 31.070963845669866, -17.870238725215259 ], [ 31.069521677288819, -17.870874945781399 ], [ 31.069311232117339, -17.870969200486361 ], [ 31.066693046601529, -17.871281418839459 ], [ 31.064440045353898, -17.871564182157556 ], [ 31.063947975026458, -17.871714399987283 ], [ 31.063189753452733, -17.869726212547143 ], [ 31.062465574480274, -17.867814586166919 ], [ 31.061694973778796, -17.865767444209251 ], [ 31.061207545624253, -17.864785102251144 ], [ 31.060910446558644, -17.864318230182061 ], [ 31.060192457150041, -17.863190073685896 ], [ 31.058483363826877, -17.860578054636914 ] ] ] ] } },
{ "type": "Feature", "properties": { "name": "Sunningdale", "area_sqkm": 2.728, "Income": 5, "Region": null, "density": "Medium Density", "Matched_Ward": "Harare_Ward_3", "Male Population": 10375, "Female Population": 11130, "pop_est": 21505, "Total Households": 5710 }, "geometry": { "type": "MultiPolygon", "coordinates": [ [ [ [ 31.063947975026458, -17.871714399987283 ], [ 31.064495751428748, -17.872757084952418 ], [ 31.064842367005305, -17.873228352985382 ], [ 31.065708905946703, -17.873982379238164 ], [ 31.066971576975597, -17.875113412617072 ], [ 31.067862874172466, -17.875843867847422 ], [ 31.066402137099825, -17.875702489650141 ], [ 31.065486081647489, -17.875537548277777 ], [ 31.06380252027563, -17.874995596976071 ], [ 31.06053443055378, -17.876220875823424 ], [ 31.05497620220109, -17.877245862213424 ], [ 31.053564981639386, -17.877752462498059 ], [ 31.052029969800337, -17.878105903701453 ], [ 31.050135963256992, -17.877893839063812 ], [ 31.047635379454661, -17.87730476929751 ], [ 31.042473283189477, -17.877799588032477 ], [ 31.041928601569165, -17.875089849495115 ], [ 31.041516995571378, -17.874427871760751 ], [ 31.040774247907326, -17.873367524087467 ], [ 31.040662835757718, -17.872424987509806 ], [ 31.041367672343128, -17.872479478041896 ], [ 31.041949491346642, -17.87255016843698 ], [ 31.044067869580307, -17.87364439325717 ], [ 31.046184700422867, -17.872265933969366 ], [ 31.047431897542101, -17.871064191505909 ], [ 31.047769228772857, -17.870666554342467 ], [ 31.048118939131353, -17.870154042908229 ], [ 31.048524355564652, -17.869453019127583 ], [ 31.049186638898441, -17.868050963270484 ], [ 31.049879870051566, -17.866890429677667 ], [ 31.05116729933593, -17.865423551502928 ], [ 31.052002890457992, -17.864757855807884 ], [ 31.053147959773408, -17.864009681564685 ], [ 31.057821080493095, -17.861025789976011 ], [ 31.058483363826877, -17.860578054636914 ], [ 31.060192457150041, -17.863190073685896 ], [ 31.060910446558644, -17.864318230182061 ], [ 31.061207545624253, -17.864785102251144 ], [ 31.061694973778796, -17.865767444209251 ], [ 31.062465574480274, -17.867814586166919 ], [ 31.063189753452733, -17.869726212547143 ], [ 31.063947975026458, -17.871714399987283 ] ] ] ] } },
{ "type": "Feature", "properties": { "name": "Dunowen", "area_sqkm": 0.703, "Income": 6, "Region": null, "density": "High Density", "Matched_Ward": "Epworth_Ward_1", "Male Population": 22475, "Female Population": 22848, "pop_est": 45323, "Total Households": 12722 }, "geometry": { "type": "MultiPolygon", "coordinates": [ [ [ [ 31.120727939161512, -17.89110616048519 ], [ 31.12267765177976, -17.893402606679565 ], [ 31.112081118439228, -17.895475935587953 ], [ 31.109481501615033, -17.892648662888707 ], [ 31.108738753950973, -17.889915589797582 ], [ 31.108503550523924, -17.889468663550748 ], [ 31.113300462520943, -17.888585115764844 ], [ 31.120727939161512, -17.89110616048519 ] ] ] ] } },
{ "type": "Feature", "properties": { "name": "Tobbaco Research", "area_sqkm": 5.389, "Income": 0, "Region": null, "density": "Low Density", "Matched_Ward": "Epworth_Ward_2", "Male Population": 7990, "Female Population": 8469, "pop_est": 16459, "Total Households": 4692 }, "geometry": { "type": "MultiPolygon", "coordinates": [ [ [ [ 31.086722475275479, -17.894893550546378 ], [ 31.09004008150826, -17.894116052492816 ], [ 31.095183609081843, -17.892843775602639 ], [ 31.096477227930077, -17.892419681278966 ], [ 31.106962349121005, -17.889816191141406 ], [ 31.108503550523924, -17.889468663550748 ], [ 31.108738753950973, -17.889915589797582 ], [ 31.109481501615033, -17.892648662888707 ], [ 31.112081118439228, -17.895475935587953 ], [ 31.112353459249416, -17.916031209272901 ], [ 31.111412645541609, -17.91419370013929 ], [ 31.109828117191622, -17.91334561257538 ], [ 31.107797940243206, -17.913157148121222 ], [ 31.104529850521359, -17.913722540882546 ], [ 31.099380133383892, -17.914323268715318 ], [ 31.098773556124911, -17.914358605583249 ], [ 31.096755758304212, -17.913380949638221 ], [ 31.095047438676886, -17.912132369144594 ], [ 31.09404472933041, -17.910553962349571 ], [ 31.092484959235897, -17.906878811478759 ], [ 31.090009133689048, -17.901271703782125 ], [ 31.086722475275479, -17.894893550546378 ] ] ] ] } },
{ "type": "Feature", "properties": { "name": "Hatfield B", "area_sqkm": 26.77, "Income": 6, "Region": null, "density": "Medium Density", "Matched_Ward": "Epworth_Ward_3", "Male Population": 11633, "Female Population": 12183, "pop_est": 23816, "Total Households": 6261 }, "geometry": { "type": "MultiPolygon", "coordinates": [ [ [ [ 31.170464179615756, -17.920920098121073 ], [ 31.164002274938731, -17.921260938677147 ], [ 31.166379067463708, -17.927197201197647 ], [ 31.151103223839627, -17.929670585194469 ], [ 31.14701811168732, -17.938668700232494 ], [ 31.14622584751233, -17.940034866184277 ], [ 31.143403406388916, -17.943379572787691 ], [ 31.13612447928119, -17.947006859186168 ], [ 31.137213842521799, -17.948702707831508 ], [ 31.134193335354638, -17.949550626057047 ], [ 31.141769361528009, -17.956286720854365 ], [ 31.127756188932821, -17.960950020764148 ], [ 31.111910905432961, -17.933745704425625 ], [ 31.112353459249416, -17.916031209272901 ], [ 31.112081118439228, -17.895475935587953 ], [ 31.12267765177976, -17.893402606679565 ], [ 31.120727939161512, -17.89110616048519 ], [ 31.124463340955181, -17.887460058552275 ], [ 31.125057539086445, -17.888107998131797 ], [ 31.125948836283303, -17.888626348092636 ], [ 31.126877270863378, -17.88897976765265 ], [ 31.129575920709446, -17.88932140589181 ], [ 31.130232014479365, -17.889474553854523 ], [ 31.131073795165296, -17.88991043579443 ], [ 31.132317897502588, -17.890911782142854 ], [ 31.140574775701328, -17.898115419049056 ], [ 31.142023133646241, -17.899481897709332 ], [ 31.145408825081589, -17.902909828023756 ], [ 31.146498188322205, -17.903628389209384 ], [ 31.148887359974921, -17.904782792887332 ], [ 31.149828173682728, -17.9053953305629 ], [ 31.151301289883108, -17.90691488604611 ], [ 31.15439607181667, -17.910307335018249 ], [ 31.156376732254145, -17.912828071035186 ], [ 31.157057584279549, -17.91368794007515 ], [ 31.157664161538523, -17.91415909942388 ], [ 31.159818129764286, -17.915066077644031 ], [ 31.162516779610364, -17.916326416295675 ], [ 31.168211178368121, -17.919765799531937 ], [ 31.170464179615756, -17.920920098121073 ] ] ] ] } },
{ "type": "Feature", "properties": { "name": "Logan", "area_sqkm": 3.715, "Income": 4, "Region": null, "density": "High Density", "Matched_Ward": "Harare_Ward_3", "Male Population": 10375, "Female Population": 11130, "pop_est": 21505, "Total Households": 5710 }, "geometry": { "type": "MultiPolygon", "coordinates": [ [ [ [ 31.086722475275479, -17.894893550546378 ], [ 31.068983185232643, -17.899118927841965 ], [ 31.069032701743573, -17.898152967903044 ], [ 31.069527866852948, -17.896221032247087 ], [ 31.06982496591856, -17.891014125311916 ], [ 31.070196339750591, -17.884511167298285 ], [ 31.070431543177566, -17.880258198181167 ], [ 31.069998273706869, -17.878585257209885 ], [ 31.069379317320152, -17.877513152950709 ], [ 31.068673707039299, -17.876617764214963 ], [ 31.067862874172466, -17.875843867847422 ], [ 31.066971576975597, -17.875113412617072 ], [ 31.065708905946703, -17.873982379238164 ], [ 31.064842367005305, -17.873228352985382 ], [ 31.064495751428748, -17.872757084952418 ], [ 31.063947975026458, -17.871714399987283 ], [ 31.064440045353898, -17.871564182157556 ], [ 31.066693046601529, -17.871281418839459 ], [ 31.069311232117339, -17.870969200486361 ], [ 31.070963845669866, -17.870238725215259 ], [ 31.073353017321939, -17.869002359522092 ], [ 31.076299249723228, -17.874801200997499 ], [ 31.080341034928459, -17.882335362201324 ], [ 31.086722475275479, -17.894893550546378 ] ] ] ] } },
{ "type": "Feature", "properties": { "name": "Arlington", "area_sqkm": 5.402, "Income": 3, "Region": null, "density": "Medium Density", "Matched_Ward": "Epworth_Ward_2", "Male Population": 7990, "Female Population": 8469, "pop_est": 16459, "Total Households": 4692 }, "geometry": { "type": "MultiPolygon", "coordinates": [ [ [ [ 31.068983185232643, -17.899118927841965 ], [ 31.086722475275479, -17.894893550546378 ], [ 31.090009133689048, -17.901271703782125 ], [ 31.092484959235897, -17.906878811478759 ], [ 31.09404472933041, -17.910553962349571 ], [ 31.094263464912459, -17.910898284392619 ], [ 31.08822034973176, -17.915537969509117 ], [ 31.089705845059864, -17.921333081950515 ], [ 31.070728642243235, -17.916715853237097 ], [ 31.069763070279958, -17.906868504458206 ], [ 31.069366938192463, -17.902863445388363 ], [ 31.068983185232643, -17.899118927841965 ] ] ] ] } },
{ "type": "Feature", "properties": { "name": "Kentucky", "area_sqkm": 4.531, "Income": 0, "Region": null, "density": "Low Density", "Matched_Ward": "Epworth_Ward_3", "Male Population": 11633, "Female Population": 12183, "pop_est": 23816, "Total Households": 6261 }, "geometry": { "type": "MultiPolygon", "coordinates": [ [ [ [ 31.089705845059864, -17.921333081950515 ], [ 31.08822034973176, -17.915537969509117 ], [ 31.094263464912459, -17.910898284392619 ], [ 31.095047438676886, -17.912132369144594 ], [ 31.096755758304212, -17.913380949638221 ], [ 31.098773556124911, -17.914358605583249 ], [ 31.107797940243206, -17.913157148121222 ], [ 31.109828117191622, -17.91334561257538 ], [ 31.111412645541609, -17.91419370013929 ], [ 31.112353459249416, -17.916031209272901 ], [ 31.111910905432961, -17.933745704425625 ], [ 31.091667936805742, -17.92803491667005 ], [ 31.089705845059864, -17.921333081950515 ] ] ] ] } },
{ "type": "Feature", "properties": { "name": "Kaola Park", "area_sqkm": 0.924, "Income": 6, "Region": null, "density": "High Density", "Matched_Ward": "Harare_Ward_1", "Male Population": 5705, "Female Population": 5780, "pop_est": 11485, "Total Households": 2967 }, "geometry": { "type": "MultiPolygon", "coordinates": [ [ [ [ 31.070728642243235, -17.916715853237097 ], [ 31.089705845059864, -17.921333081950515 ], [ 31.071489958598892, -17.92525527610286 ], [ 31.071390925577017, -17.922923171127575 ], [ 31.070728642243235, -17.916715853237097 ] ] ] ] } },
{ "type": "Feature", "properties": { "name": "Harare Airport", "area_sqkm": 9.836, "Income": 0, "Region": null, "density": "Low Density", "Matched_Ward": "Harare_Ward_1", "Male Population": 5705, "Female Population": 5780, "pop_est": 11485, "Total Households": 2967 }, "geometry": { "type": "MultiPolygon", "coordinates": [ [ [ [ 31.071489958598892, -17.92525527610286 ], [ 31.089705845059864, -17.921333081950515 ], [ 31.091667936805742, -17.92803491667005 ], [ 31.111910905432961, -17.933745704425625 ], [ 31.0873104838433, -17.950929956569006 ], [ 31.072529805328578, -17.959950542284208 ], [ 31.070351078847345, -17.962070195377628 ], [ 31.07089576046765, -17.960515785594616 ], [ 31.071390925577024, -17.958301905637953 ], [ 31.071539475109851, -17.956135102662532 ], [ 31.071489958598907, -17.950859297423204 ], [ 31.071093826511405, -17.94619573138673 ], [ 31.07074721093484, -17.942332886628822 ], [ 31.070771969190311, -17.936774010817103 ], [ 31.071143343022335, -17.92991939393421 ], [ 31.071489958598892, -17.92525527610286 ] ] ] ] } },
{ "type": "Feature", "properties": { "name": "Woodford Green", "area_sqkm": 1.447, "Income": 6, "Region": null, "density": "High Density", "Matched_Ward": "Chitungwiza_Ward_1", "Male Population": 4140, "Female Population": 4805, "pop_est": 8945, "Total Households": 2341 }, "geometry": { "type": "MultiPolygon", "coordinates": [ [ [ [ 31.070351078847345, -17.962070195377628 ], [ 31.072529805328578, -17.959950542284208 ], [ 31.074932167239169, -17.958484422273248 ], [ 31.080347224492797, -17.959756239478796 ], [ 31.080396741003735, -17.973509995226756 ], [ 31.068463261867908, -17.968187607153379 ], [ 31.069602141619455, -17.964984676872266 ], [ 31.070351078847345, -17.962070195377628 ] ] ] ] } },
{ "type": "Feature", "properties": { "name": "Manyame", "area_sqkm": 21.393, "Income": 0, "Region": null, "density": "High Density", "Matched_Ward": "Chitungwiza_Ward_20", "Male Population": 4672, "Female Population": 5290, "pop_est": 9962, "Total Households": 2558 }, "geometry": { "type": "MultiPolygon", "coordinates": [ [ [ [ 31.068463261867908, -17.968187607153379 ], [ 31.080396741003735, -17.973509995226756 ], [ 31.080347224492797, -17.959756239478796 ], [ 31.074932167239169, -17.958484422273248 ], [ 31.0873104838433, -17.950929956569006 ], [ 31.111910905432961, -17.933745704425625 ], [ 31.127756188932821, -17.960950020764148 ], [ 31.118072616262971, -17.971449355152757 ], [ 31.110348040556794, -17.985108006508781 ], [ 31.110149974513039, -17.988310571809581 ], [ 31.060187814977549, -17.977760725368377 ], [ 31.060385881021297, -17.976748095339097 ], [ 31.061128628685356, -17.974369569408715 ], [ 31.061920892860346, -17.973144969308652 ], [ 31.062713157035358, -17.972603316556015 ], [ 31.066080279779072, -17.970954797957813 ], [ 31.067565775107184, -17.969824376312836 ], [ 31.068463261867908, -17.968187607153379 ] ] ] ] } },
{ "type": "Feature", "properties": { "name": "Ardbennie", "area_sqkm": 1.72, "Income": 4, "Region": null, "density": "High Density", "Matched_Ward": "Harare_Ward_3", "Male Population": 10375, "Female Population": 11130, "pop_est": 21505, "Total Households": 5710 }, "geometry": { "type": "MultiPolygon", "coordinates": [ [ [ [ 31.023241805943901, -17.873998018536724 ], [ 31.026372680179477, -17.873903589535455 ], [ 31.041516995571378, -17.874427871760751 ], [ 31.041928601569165, -17.875089849495115 ], [ 31.042473283189477, -17.877799588032477 ], [ 31.0396843130425, -17.880094882162833 ], [ 31.038395169471503, -17.881935191708351 ], [ 31.038246422136385, -17.885427008677301 ], [ 31.03423024408827, -17.884907959148602 ], [ 31.03023885726266, -17.881864410924624 ], [ 31.025578107429059, -17.881911598116908 ], [ 31.025516129372747, -17.880495976894121 ], [ 31.024932287950968, -17.878641224568707 ], [ 31.024453269568603, -17.877168111597602 ], [ 31.023526633765584, -17.874414575712926 ], [ 31.023241805943901, -17.873998018536724 ] ] ] ] } },
{ "type": "Feature", "properties": { "name": "Houghton Park", "area_sqkm": 1.652, "Income": 4, "Region": null, "density": "High Density", "Matched_Ward": "Harare_Ward_3", "Male Population": 10375, "Female Population": 11130, "pop_est": 21505, "Total Households": 5710 }, "geometry": { "type": "MultiPolygon", "coordinates": [ [ [ [ 31.025578107429059, -17.881911598116908 ], [ 31.020976236748954, -17.883147308251342 ], [ 31.018868982834817, -17.886143648430462 ], [ 31.014951969676783, -17.889446641997761 ], [ 31.013619441466375, -17.890260584545274 ], [ 31.008909109187719, -17.892442875854172 ], [ 31.007979438343249, -17.891923846839781 ], [ 31.007024976276259, -17.891499185608073 ], [ 31.007520800726645, -17.890413935621879 ], [ 31.00798658071206, -17.889437003164559 ], [ 31.008243447612536, -17.888856807177437 ], [ 31.008608631880701, -17.888223596194756 ], [ 31.008899541382451, -17.887814216729332 ], [ 31.01119277479523, -17.885284289592864 ], [ 31.013281752600395, -17.882931042118663 ], [ 31.016970732665204, -17.877164128602022 ], [ 31.019328956498573, -17.873522158516899 ], [ 31.019749846841655, -17.873762209794119 ], [ 31.020610196219188, -17.874003733450834 ], [ 31.022857007902942, -17.874009624267622 ], [ 31.023241805943901, -17.873998018536724 ], [ 31.023526633765584, -17.874414575712926 ], [ 31.02469020623651, -17.877872171667423 ], [ 31.025516129372747, -17.880495976894121 ], [ 31.025578107429059, -17.881911598116908 ] ] ] ] } },
{ "type": "Feature", "properties": { "name": "Parktown", "area_sqkm": 3.754, "Income": 4, "Region": null, "density": "High Density", "Matched_Ward": "Harare_Ward_3", "Male Population": 10375, "Female Population": 11130, "pop_est": 21505, "Total Households": 5710 }, "geometry": { "type": "MultiPolygon", "coordinates": [ [ [ [ 31.03423024408827, -17.884907959148602 ], [ 31.031415848536614, -17.895488541117704 ], [ 31.028747122920286, -17.905520901377034 ], [ 31.027445583737986, -17.903810585194105 ], [ 31.02663986900609, -17.902560274651808 ], [ 31.025375516657565, -17.901817161379906 ], [ 31.022828218543651, -17.900932498663529 ], [ 31.020559821683072, -17.900555041228341 ], [ 31.019450414475312, -17.899581905073585 ], [ 31.017956743318493, -17.899222138234471 ], [ 31.016766764637534, -17.898378747538519 ], [ 31.015895972946517, -17.89792461242612 ], [ 31.014625422792371, -17.897594331614219 ], [ 31.013949861978698, -17.89666246458032 ], [ 31.012790872325898, -17.89607267278922 ], [ 31.011771333299762, -17.895217471209826 ], [ 31.011250717626847, -17.894751532063029 ], [ 31.010581354618811, -17.893330115208027 ], [ 31.008909109187719, -17.892442875854172 ], [ 31.013619441466375, -17.890260584545274 ], [ 31.014951969676783, -17.889446641997761 ], [ 31.018868982834817, -17.886143648430462 ], [ 31.020976236748954, -17.883147308251342 ], [ 31.025578107429059, -17.881911598116908 ], [ 31.03023885726266, -17.881864410924624 ], [ 31.03423024408827, -17.884907959148602 ] ] ] ] } },
{ "type": "Feature", "properties": { "name": "Prospect", "area_sqkm": 8.226, "Income": 4, "Region": null, "density": "Medium Density", "Matched_Ward": "Harare_Ward_3", "Male Population": 10375, "Female Population": 11130, "pop_est": 21505, "Total Households": 5710 }, "geometry": { "type": "MultiPolygon", "coordinates": [ [ [ [ 31.069860959197609, -17.890383873822451 ], [ 31.065063165009196, -17.89216377814375 ], [ 31.060613140566868, -17.8942634742397 ], [ 31.04781467194093, -17.895796944454371 ], [ 31.038610930580401, -17.896858569916528 ], [ 31.0390633703914, -17.900096488341731 ], [ 31.039019985751988, -17.900326502156492 ], [ 31.037061479172905, -17.900609595672908 ], [ 31.03692202854625, -17.902533734945713 ], [ 31.037721545472508, -17.905911617845678 ], [ 31.037637875096504, -17.906038416212734 ], [ 31.028700639378062, -17.908022946282383 ], [ 31.028576683265459, -17.907397806962848 ], [ 31.027994089536232, -17.906890616838862 ], [ 31.028747122920286, -17.905520901377034 ], [ 31.03423024408827, -17.884907959148602 ], [ 31.038246422136385, -17.885427008677301 ], [ 31.038395169471503, -17.881935191708351 ], [ 31.0396843130425, -17.880094882162833 ], [ 31.042473283189477, -17.877799588032477 ], [ 31.047635379454661, -17.87730476929751 ], [ 31.050135963256992, -17.877893839063812 ], [ 31.052029969800337, -17.878105903701453 ], [ 31.053564981639386, -17.877752462498059 ], [ 31.05497620220109, -17.877245862213424 ], [ 31.06053443055378, -17.876220875823424 ], [ 31.06380252027563, -17.874995596976071 ], [ 31.065486081647489, -17.875537548277777 ], [ 31.066402137099825, -17.875702489650141 ], [ 31.067862874172466, -17.875843867847422 ], [ 31.068673707039299, -17.876617764214963 ], [ 31.069379317320152, -17.877513152950709 ], [ 31.069998273706869, -17.878585257209885 ], [ 31.070431543177566, -17.880258198181167 ], [ 31.069860959197609, -17.890383873822451 ] ] ] ] } },
{ "type": "Feature", "properties": { "name": "Midlands", "area_sqkm": 7.456, "Income": 4, "Region": null, "density": "High Density", "Matched_Ward": "Harare_Ward_1", "Male Population": 5705, "Female Population": 5780, "pop_est": 11485, "Total Households": 2967 }, "geometry": { "type": "MultiPolygon", "coordinates": [ [ [ [ 31.037721545472508, -17.905911617845678 ], [ 31.038596985517703, -17.906303807850303 ], [ 31.040716635043172, -17.912472577095535 ], [ 31.030186563277812, -17.915438935587122 ], [ 31.032101685217469, -17.922291446675157 ], [ 31.032083091800587, -17.922521431693269 ], [ 31.016718731643866, -17.928772192194675 ], [ 31.015652709075507, -17.924337713141082 ], [ 31.014884181177386, -17.921389194874713 ], [ 31.012888487764535, -17.913262824566626 ], [ 31.012144751088933, -17.912354629409631 ], [ 31.011289453911996, -17.91174130017782 ], [ 31.010706860182779, -17.911269507017025 ], [ 31.008599606268586, -17.91076232796874 ], [ 31.005079252670736, -17.899143992062317 ], [ 31.003343867094344, -17.898176746024927 ], [ 31.002724086531348, -17.899132196410694 ], [ 31.001236613180129, -17.898318294554919 ], [ 31.000998563105998, -17.897503592487777 ], [ 31.001060458744675, -17.897356341496128 ], [ 31.00089334052026, -17.896979378400619 ], [ 31.00081287618999, -17.896384481886216 ], [ 31.000979994414401, -17.896054637414711 ], [ 31.001592761237248, -17.895471518009543 ], [ 31.002063168091141, -17.895477408114129 ], [ 31.002261234134888, -17.89535960598533 ], [ 31.002682124477857, -17.895283034559668 ], [ 31.002997792235078, -17.89515934218689 ], [ 31.003041119182154, -17.894976748526613 ], [ 31.002855432266141, -17.894676352096049 ], [ 31.002849242702275, -17.894328834022328 ], [ 31.002911138340952, -17.894105008461967 ], [ 31.003263943481375, -17.893922413716787 ], [ 31.003263943481375, -17.893751599107656 ], [ 31.003455819961253, -17.893409969396146 ], [ 31.003678644260471, -17.893233264114876 ], [ 31.003901468559697, -17.892703147215389 ], [ 31.003981932889964, -17.892190699373987 ], [ 31.004118103295042, -17.891902078674008 ], [ 31.004396633669067, -17.891907968897062 ], [ 31.004464718871606, -17.891778383944615 ], [ 31.004421391924538, -17.891495652810846 ], [ 31.004600889276684, -17.891430860195925 ], [ 31.005015590055763, -17.891442640673112 ], [ 31.005374584760126, -17.891333671229241 ], [ 31.00563454644255, -17.891366067557396 ], [ 31.005826422922429, -17.891215866349725 ], [ 31.006157564589319, -17.891065665014935 ], [ 31.0063865784524, -17.891056829638348 ], [ 31.006618687097426, -17.891109841891307 ], [ 31.006798184449572, -17.89099792711648 ], [ 31.007002440057185, -17.889808091989373 ], [ 31.007132420898397, -17.889684395800639 ], [ 31.007609017316163, -17.889707956986083 ], [ 31.00798658071206, -17.889437003164559 ], [ 31.007024976276259, -17.891499185608073 ], [ 31.007979438343249, -17.891923846839781 ], [ 31.008909109187719, -17.892442875854172 ], [ 31.010581354618811, -17.893330115208027 ], [ 31.011250717626847, -17.894751532063029 ], [ 31.012790872325898, -17.89607267278922 ], [ 31.013949861978698, -17.89666246458032 ], [ 31.014625422792371, -17.897594331614219 ], [ 31.015895972946517, -17.89792461242612 ], [ 31.016766764637534, -17.898378747538519 ], [ 31.017956743318493, -17.899222138234471 ], [ 31.019450414475312, -17.899581905073585 ], [ 31.020559821683072, -17.900555041228341 ], [ 31.022828218543651, -17.900932498663529 ], [ 31.025375516657565, -17.901817161379906 ], [ 31.02663986900609, -17.902560274651808 ], [ 31.027445583737986, -17.903810585194105 ], [ 31.028747122920286, -17.905520901377034 ], [ 31.027994089536232, -17.906890616838862 ], [ 31.028576683265459, -17.907397806962848 ], [ 31.028700639378062, -17.908022946282383 ], [ 31.037637875096504, -17.906038416212734 ], [ 31.037721545472508, -17.905911617845678 ] ] ] ] } },
{ "type": "Feature", "properties": { "name": "Mtita", "area_sqkm": 0.535, "Income": 0, "Region": null, "density": "Low Density", "Matched_Ward": "Harare_Ward_1", "Male Population": 5705, "Female Population": 5780, "pop_est": 11485, "Total Households": 2967 }, "geometry": { "type": "MultiPolygon", "coordinates": [ [ [ [ 31.002724086531348, -17.899132196410694 ], [ 30.99568415406133, -17.910757904889245 ], [ 30.995501318795256, -17.910911238246754 ], [ 30.993679163940048, -17.912491743587072 ], [ 30.993387867075441, -17.912774817682418 ], [ 30.992094875483062, -17.910573103560942 ], [ 30.993255418708237, -17.909842791262744 ], [ 30.99340396824104, -17.90968377125057 ], [ 30.993533949082256, -17.909365730798314 ], [ 30.993756773381467, -17.908929896659323 ], [ 30.994617122758996, -17.907887424170088 ], [ 30.995198941762496, -17.906556348692714 ], [ 30.995855035532415, -17.906049830620994 ], [ 30.996189271981233, -17.905213483661431 ], [ 30.99633782151405, -17.904871876022249 ], [ 30.996573024941011, -17.904459590064146 ], [ 30.996969157028499, -17.904235777285493 ], [ 30.997315772605063, -17.903870608461322 ], [ 30.997650009053888, -17.903693913599053 ], [ 30.998182311546461, -17.903234506133273 ], [ 30.998677476655828, -17.903175607654166 ], [ 30.998566064506221, -17.90268085965743 ], [ 30.998355619334742, -17.902138991220372 ], [ 30.997848075097636, -17.901502882681932 ], [ 30.997451943010127, -17.901196607386847 ], [ 30.997055810922632, -17.900843212158446 ], [ 30.997105327433566, -17.900301338107472 ], [ 30.997315772605049, -17.900101079887111 ], [ 30.997167223072243, -17.899724122623724 ], [ 30.997848075097625, -17.898404765893922 ], [ 30.998108036780042, -17.898204505532593 ], [ 30.998287534132189, -17.897856994369096 ], [ 30.998361808898597, -17.8978569943691 ], [ 30.998733182730621, -17.89810437526716 ], [ 30.999129314818116, -17.898039585065295 ], [ 30.999581152980422, -17.897798094104427 ], [ 30.999940147684722, -17.897697963609613 ], [ 31.000998563105998, -17.897503592487777 ], [ 31.001236613180129, -17.898318294554919 ], [ 31.002724086531348, -17.899132196410694 ] ] ] ] } },
{ "type": "Feature", "properties": { "name": "Groobie Park", "area_sqkm": 1.58, "Income": 4, "Region": null, "density": "High Density", "Matched_Ward": "Harare_Ward_1", "Male Population": 5705, "Female Population": 5780, "pop_est": 11485, "Total Households": 2967 }, "geometry": { "type": "MultiPolygon", "coordinates": [ [ [ [ 30.995501318795256, -17.910911238246754 ], [ 30.998184193907353, -17.913475866425561 ], [ 30.999677865064164, -17.916135550847404 ], [ 31.00235531709632, -17.921596329885581 ], [ 30.998562260050772, -17.921313269881232 ], [ 30.994446917112469, -17.921100974581197 ], [ 30.992339663198276, -17.921384034924728 ], [ 30.991211662573626, -17.921336858232205 ], [ 30.990046475115186, -17.923282886369268 ], [ 30.984655933668503, -17.920201665280615 ], [ 30.983309221079129, -17.919447908511849 ], [ 30.983553277346434, -17.919039205938507 ], [ 30.984543607565154, -17.918559225557587 ], [ 30.985187322207334, -17.917664043950257 ], [ 30.985707245572176, -17.916933760868581 ], [ 30.986326201958889, -17.915590974445042 ], [ 30.986375718469819, -17.915072703279645 ], [ 30.986449993236235, -17.914625104235331 ], [ 30.987068949622952, -17.914295293689879 ], [ 30.987712664265128, -17.913706344760829 ], [ 30.988207829374502, -17.913423648579769 ], [ 30.98902485180496, -17.912669789892689 ], [ 30.989272434359648, -17.912198626585159 ], [ 30.98979235772449, -17.912057277348687 ], [ 30.990386555855732, -17.912057277348687 ], [ 30.991154061775255, -17.911538995850663 ], [ 30.992094875483062, -17.910573103560942 ], [ 30.993387867075441, -17.912774817682418 ], [ 30.993679163940048, -17.912491743587072 ], [ 30.995501318795256, -17.910911238246754 ] ] ] ] } },
{ "type": "Feature", "properties": { "name": "Malvern", "area_sqkm": 4.015, "Income": 4, "Region": null, "density": "High Density", "Matched_Ward": "Harare_Ward_1", "Male Population": 5705, "Female Population": 5780, "pop_est": 11485, "Total Households": 2967 }, "geometry": { "type": "MultiPolygon", "coordinates": [ [ [ [ 31.016718731643866, -17.928772192194675 ], [ 31.008027858699144, -17.932308049462705 ], [ 31.00235531709632, -17.921596329885581 ], [ 30.999677865064164, -17.916135550847404 ], [ 30.998184193907353, -17.913475866425561 ], [ 30.995501318795256, -17.910911238246754 ], [ 30.99568415406133, -17.910757904889245 ], [ 31.002724086531348, -17.899132196410694 ], [ 31.003343867094344, -17.898176746024927 ], [ 31.005079252670736, -17.899143992062317 ], [ 31.008599606268586, -17.91076232796874 ], [ 31.010706860182779, -17.911269507017025 ], [ 31.012144751088933, -17.912354629409631 ], [ 31.012888487764535, -17.913262824566626 ], [ 31.014884181177386, -17.921389194874713 ], [ 31.015652709075507, -17.924337713141082 ], [ 31.016718731643866, -17.928772192194675 ] ] ] ] } },
{ "type": "Feature", "properties": { "name": "Mainway Meadows", "area_sqkm": 2.99, "Income": 4, "Region": null, "density": "High Density", "Matched_Ward": "Harare_Ward_3", "Male Population": 10375, "Female Population": 11130, "pop_est": 21505, "Total Households": 5710 }, "geometry": { "type": "MultiPolygon", "coordinates": [ [ [ [ 31.038596985517703, -17.906303807850303 ], [ 31.037721545472508, -17.905911617845678 ], [ 31.03692202854625, -17.902533734945713 ], [ 31.037061479172905, -17.900609595672908 ], [ 31.039019985751988, -17.900326502156492 ], [ 31.0390633703914, -17.900096488341731 ], [ 31.038610930580401, -17.896858569916528 ], [ 31.04781467194093, -17.895796944454371 ], [ 31.060613140566868, -17.8942634742397 ], [ 31.065063165009196, -17.89216377814375 ], [ 31.069860959197609, -17.890383873822451 ], [ 31.06982496591856, -17.891014125311916 ], [ 31.069527866852948, -17.896221032247087 ], [ 31.069032701743573, -17.898152967903044 ], [ 31.068983185232643, -17.899118927841965 ], [ 31.063671757645178, -17.900240247010881 ], [ 31.051136695758533, -17.903298224333778 ], [ 31.04960583776791, -17.903876196765705 ], [ 31.039664557537424, -17.906117296546476 ], [ 31.038596985517703, -17.906303807850303 ] ] ] ] } },
{ "type": "Feature", "properties": { "name": "Retreat", "area_sqkm": 5.609, "Income": 5, "Region": null, "density": "High Density", "Matched_Ward": "Harare_Ward_1", "Male Population": 5705, "Female Population": 5780, "pop_est": 11485, "Total Households": 2967 }, "geometry": { "type": "MultiPolygon", "coordinates": [ [ [ [ 31.069581736438963, -17.905035155631751 ], [ 31.062483328415588, -17.906168900484154 ], [ 31.050777223031947, -17.909554085989132 ], [ 31.052060168797354, -17.913576121329413 ], [ 31.052345267856328, -17.914649434981992 ], [ 31.052277091994402, -17.915206729891864 ], [ 31.052134542464909, -17.915758125776414 ], [ 31.051936212684751, -17.916135550847404 ], [ 31.051675904848288, -17.916412721872021 ], [ 31.048335287613721, -17.919718100359745 ], [ 31.046488341535984, -17.921109820223762 ], [ 31.046748649372443, -17.92542644110414 ], [ 31.046104077586925, -17.925638731220463 ], [ 31.045744604860378, -17.926564549031035 ], [ 31.044331505176746, -17.926328672341281 ], [ 31.041269789195532, -17.929748853594781 ], [ 31.036423105192888, -17.936423913613673 ], [ 31.032083091800587, -17.922521431693269 ], [ 31.032101685217469, -17.922291446675157 ], [ 31.030186563277812, -17.915438935587122 ], [ 31.040716635043172, -17.912472577095535 ], [ 31.038596985517703, -17.906303807850303 ], [ 31.04960583776791, -17.903876196765705 ], [ 31.051136695758533, -17.903298224333778 ], [ 31.063671757645178, -17.900240247010881 ], [ 31.068983185232643, -17.899118927841965 ], [ 31.069366938192463, -17.902863445388363 ], [ 31.069581736438963, -17.905035155631751 ] ] ] ] } },
{ "type": "Feature", "properties": { "name": "Eyeston", "area_sqkm": 19.383, "Income": 6, "Region": null, "density": "High Density", "Matched_Ward": "Harare_Ward_1", "Male Population": 5705, "Female Population": 5779, "pop_est": 11485, "Total Households": 2967 }, "geometry": { "type": "MultiPolygon", "coordinates": [ [ [ [ 31.060939242918018, -17.974976048890703 ], [ 31.055933797316037, -17.972754938678683 ], [ 31.051768871932687, -17.968746039216491 ], [ 31.051570542152525, -17.964029570440225 ], [ 31.047008957208863, -17.957945139786013 ], [ 31.044976076962225, -17.957850805879055 ], [ 31.044331505176707, -17.958558308954228 ], [ 31.042199460039992, -17.95676596233098 ], [ 31.042695284490385, -17.953086878123433 ], [ 31.04100948135903, -17.948369991522586 ], [ 31.039174930892557, -17.944266197855793 ], [ 31.038431194216955, -17.941388768513786 ], [ 31.036423105192888, -17.936423913613673 ], [ 31.041269789195532, -17.929748853594781 ], [ 31.044331505176746, -17.926328672341281 ], [ 31.045744604860378, -17.926564549031035 ], [ 31.046104077586925, -17.925638731220463 ], [ 31.046748649372443, -17.92542644110414 ], [ 31.046488341535984, -17.921109820223762 ], [ 31.048335287613721, -17.919718100359745 ], [ 31.051675904848288, -17.916412721872021 ], [ 31.051936212684751, -17.916135550847404 ], [ 31.052134542464909, -17.915758125776414 ], [ 31.052277091994402, -17.915206729891864 ], [ 31.052345267856328, -17.914649434981992 ], [ 31.052060168797354, -17.913576121329413 ], [ 31.050777223031947, -17.909554085989132 ], [ 31.062483328415588, -17.906168900484154 ], [ 31.069581736438963, -17.905035155631751 ], [ 31.069763070279958, -17.906868504458206 ], [ 31.070728642243235, -17.916715853237097 ], [ 31.071390925577017, -17.922923171127575 ], [ 31.071489958598892, -17.92525527610286 ], [ 31.071143343022335, -17.92991939393421 ], [ 31.070771969190311, -17.936774010817103 ], [ 31.07074721093484, -17.942332886628822 ], [ 31.071489958598907, -17.950859297423204 ], [ 31.071539475109851, -17.956135102662532 ], [ 31.071390925577024, -17.958301905637953 ], [ 31.07089576046765, -17.960515785594616 ], [ 31.070351078847345, -17.962070195377628 ], [ 31.069602141619455, -17.964984676872266 ], [ 31.068463261867908, -17.968187607153379 ], [ 31.067565775107184, -17.969824376312836 ], [ 31.066080279779072, -17.970954797957813 ], [ 31.062713157035358, -17.972603316556015 ], [ 31.061920892860346, -17.973144969308652 ], [ 31.061128628685356, -17.974369569408715 ], [ 31.060939242918018, -17.974976048890703 ] ] ] ] } },
{ "type": "Feature", "properties": { "name": "Derbshire", "area_sqkm": 8.597, "Income": 6, "Region": null, "density": "High Density", "Matched_Ward": "Harare_Ward_1", "Male Population": 5705, "Female Population": 5780, "pop_est": 11485, "Total Households": 2967 }, "geometry": { "type": "MultiPolygon", "coordinates": [ [ [ [ 31.039174930892557, -17.944266197855793 ], [ 31.033423367267911, -17.949460782731016 ], [ 31.031861520249159, -17.953800296268394 ], [ 31.029977387337638, -17.954460647688652 ], [ 31.032555674479713, -17.957526532689911 ], [ 31.021201294565586, -17.958469871224661 ], [ 31.013457136430926, -17.946117633796423 ], [ 31.008982320766076, -17.93923066580075 ], [ 31.006342055567707, -17.935103073654343 ], [ 31.00437115337737, -17.932119354256287 ], [ 31.003577834256735, -17.931376364926308 ], [ 31.002437438020817, -17.930444675487404 ], [ 31.00096236028088, -17.929524774776084 ], [ 30.997987413578489, -17.927826483985061 ], [ 30.990046475115186, -17.923282886369268 ], [ 30.991211662573626, -17.921336858232205 ], [ 30.992339663198276, -17.921384034924728 ], [ 30.994446917112469, -17.921100974581197 ], [ 30.998562260050772, -17.921313269881232 ], [ 31.00235531709632, -17.921596329885581 ], [ 31.008027858699144, -17.932308049462705 ], [ 31.016718731643866, -17.928772192194675 ], [ 31.020832525130643, -17.945197814540755 ], [ 31.024018197224446, -17.933788120512375 ], [ 31.022480741614906, -17.926428030331316 ], [ 31.032083091800587, -17.922521431693269 ], [ 31.036423105192888, -17.936423913613673 ], [ 31.038431194216955, -17.941388768513786 ], [ 31.039174930892557, -17.944266197855793 ] ] ] ] } },
{ "type": "Feature", "properties": { "name": "Shortstone", "area_sqkm": 0.852, "Income": 4, "Region": null, "density": "High Density", "Matched_Ward": "Harare_Ward_1", "Male Population": 5705, "Female Population": 5780, "pop_est": 11485, "Total Households": 2967 }, "geometry": { "type": "MultiPolygon", "coordinates": [ [ [ [ 31.016718731643866, -17.928772192194675 ], [ 31.022480741614906, -17.926428030331316 ], [ 31.024018197224446, -17.933788120512375 ], [ 31.020832525130643, -17.945197814540755 ], [ 31.016718731643866, -17.928772192194675 ] ] ] ] } },
{ "type": "Feature", "properties": { "name": "Eye Court", "area_sqkm": 10.763, "Income": 6, "Region": null, "density": "High Density", "Matched_Ward": "Chitungwiza_Ward_3", "Male Population": 5019, "Female Population": 5606, "pop_est": 10625, "Total Households": 2850 }, "geometry": { "type": "MultiPolygon", "coordinates": [ [ [ [ 31.021201294565586, -17.958469871224661 ], [ 31.032555674479713, -17.957526532689911 ], [ 31.029977387337638, -17.954460647688652 ], [ 31.031861520249159, -17.953800296268394 ], [ 31.033423367267911, -17.949460782731016 ], [ 31.039174930892557, -17.944266197855793 ], [ 31.04100948135903, -17.948369991522586 ], [ 31.042695284490385, -17.953086878123433 ], [ 31.042199460039992, -17.95676596233098 ], [ 31.044331505176707, -17.958558308954228 ], [ 31.044976076962225, -17.957850805879055 ], [ 31.047008957208863, -17.957945139786013 ], [ 31.051570542152525, -17.964029570440225 ], [ 31.051768871932687, -17.968746039216491 ], [ 31.055933797316037, -17.972754938678683 ], [ 31.060939242918018, -17.974976048890703 ], [ 31.060385881021297, -17.976748095339097 ], [ 31.060187814977549, -17.977760725368377 ], [ 31.059773337903795, -17.978897811014093 ], [ 31.05813711721748, -17.978496939106826 ], [ 31.056748808756367, -17.978025323933021 ], [ 31.055385291517769, -17.978025323933032 ], [ 31.053823444499002, -17.978025323933021 ], [ 31.053240850769786, -17.978897811014104 ], [ 31.051703794973555, -17.979982518670326 ], [ 31.05061298118267, -17.980442338382822 ], [ 31.049571749836833, -17.980536660227088 ], [ 31.048741243882425, -17.980283170156316 ], [ 31.047972715984308, -17.979964833272845 ], [ 31.047129814418639, -17.979970728405526 ], [ 31.046993462694775, -17.980418757913856 ], [ 31.04686950658218, -17.980536660227088 ], [ 31.046658781190754, -17.980560240680273 ], [ 31.04637368213178, -17.980772464617306 ], [ 31.046410868965559, -17.981161541172579 ], [ 31.046286912852956, -17.98135018404221 ], [ 31.045815879625081, -17.981491666062158 ], [ 31.045382033230982, -17.982128333748694 ], [ 31.045533879468913, -17.98272373385921 ], [ 31.045205395770527, -17.982885847402841 ], [ 31.044972978059398, -17.982915322576599 ], [ 31.044377988718921, -17.982791526813752 ], [ 31.044086691854307, -17.982803316890138 ], [ 31.043801592795326, -17.983109858599953 ], [ 31.043603263015168, -17.983139333736293 ], [ 31.043101240759142, -17.983416399777404 ], [ 31.042952493424018, -17.98359325021455 ], [ 31.042431877751103, -17.983775995480102 ], [ 31.042183965525904, -17.983705255399752 ], [ 31.04201662477389, -17.983563775153993 ], [ 31.041347261765857, -17.983463559911296 ], [ 31.040981591233688, -17.983628620280708 ], [ 31.040535349228332, -17.98388210554749 ], [ 31.03999614013852, -17.983852630535171 ], [ 31.039556095938789, -17.983917475555767 ], [ 31.039401150798042, -17.98388210554748 ], [ 31.038502468981694, -17.983994110549396 ], [ 31.037932270863745, -17.984026533036683 ], [ 31.037616182776617, -17.983896843051795 ], [ 31.037250512244444, -17.983902738053185 ], [ 31.036891039517908, -17.983784837988161 ], [ 31.036389017261882, -17.983784837988164 ], [ 31.035124664913358, -17.984085482998314 ], [ 31.034331345792722, -17.984173907903848 ], [ 31.034009059899962, -17.983944003057328 ], [ 31.033178553945543, -17.983271971788962 ], [ 31.032162113822235, -17.983059750856864 ], [ 31.031616706926787, -17.983437032337541 ], [ 31.031158069310173, -17.984073693007566 ], [ 31.031405981535368, -17.984993309921158 ], [ 31.031220047366475, -17.985641754864311 ], [ 31.030823387806151, -17.985877552434772 ], [ 31.030147826992479, -17.986054400405862 ], [ 31.029676793764594, -17.986072085193229 ], [ 31.029125189063528, -17.985912922043163 ], [ 31.028734727308841, -17.985588700367529 ], [ 31.028455826055488, -17.985052259559886 ], [ 31.028121144551474, -17.984857725677344 ], [ 31.027619122295441, -17.984834145798221 ], [ 31.027228660540754, -17.98493436026272 ], [ 31.026825803174805, -17.985288057917927 ], [ 31.026348572141295, -17.985529750907983 ], [ 31.025685406938891, -17.985653544750313 ], [ 31.025121406626557, -17.985912922043156 ], [ 31.024600790953638, -17.985795023320943 ], [ 31.024303296283403, -17.986290197424992 ], [ 31.023931427945605, -17.987398439194809 ], [ 31.023485185940245, -17.989473426346578 ], [ 31.0230637351574, -17.990746701836379 ], [ 31.022574108512629, -17.991828389304441 ], [ 31.021848965253934, -17.991150493301845 ], [ 31.02108043735581, -17.990077643870439 ], [ 31.020761250365865, -17.989385004096398 ], [ 31.020584612905409, -17.988642255445285 ], [ 31.020535030460369, -17.987946662603729 ], [ 31.020727162434905, -17.986490624643569 ], [ 31.022171251146695, -17.977359165353779 ], [ 31.023162900047492, -17.969966405008492 ], [ 31.023026548323635, -17.966877153523651 ], [ 31.022729053653393, -17.964518909928913 ], [ 31.022357185315595, -17.962019137357736 ], [ 31.021201294565586, -17.958469871224661 ] ] ] ] } },
{ "type": "Feature", "properties": { "name": "Nyarungu", "area_sqkm": 1.934, "Income": 6, "Region": null, "density": "High Density", "Matched_Ward": "Chitungwiza_Ward_5", "Male Population": 3987, "Female Population": 4555, "pop_est": 8542, "Total Households": 2270 }, "geometry": { "type": "MultiPolygon", "coordinates": [ [ [ [ 31.022574108512629, -17.991828389304441 ], [ 31.021309756164097, -17.993788378310828 ], [ 31.020566019488495, -17.99492015151834 ], [ 31.020417272153377, -17.996334857815938 ], [ 31.020615601933535, -17.998032490394685 ], [ 31.02076434926866, -17.999824418166199 ], [ 31.0203181072633, -18.001003308085529 ], [ 31.017541490341067, -18.00147486184639 ], [ 31.014640917306231, -18.000720375223686 ], [ 31.013302191290162, -17.999777262405495 ], [ 31.013798015740555, -17.984450972320975 ], [ 31.015682148652076, -17.977589078775729 ], [ 31.021907359146834, -17.979027878617305 ], [ 31.020727162434905, -17.986490624643569 ], [ 31.020535030460369, -17.987946662603729 ], [ 31.020584612905409, -17.988642255445285 ], [ 31.020761250365865, -17.989385004096398 ], [ 31.02108043735581, -17.990077643870439 ], [ 31.021848965253934, -17.991150493301845 ], [ 31.022574108512629, -17.991828389304441 ] ] ] ] } },
{ "type": "Feature", "properties": { "name": "Stoneridge", "area_sqkm": 6.832, "Income": 6, "Region": null, "density": "High Density", "Matched_Ward": "Chitungwiza_Ward_5", "Male Population": 3987, "Female Population": 4555, "pop_est": 8542, "Total Households": 2270 }, "geometry": { "type": "MultiPolygon", "coordinates": [ [ [ [ 31.022729053653393, -17.964518909928913 ], [ 31.023026548323635, -17.966877153523651 ], [ 31.023162900047492, -17.969966405008492 ], [ 31.022171251146695, -17.977359165353779 ], [ 31.021907359146834, -17.979027878617305 ], [ 31.015682148652076, -17.977589078775729 ], [ 31.013798015740555, -17.984450972320975 ], [ 31.013302191290162, -17.999777262405495 ], [ 31.011665970603854, -17.999376437930337 ], [ 31.010327244587771, -17.998362583720706 ], [ 31.008666232678934, -17.996570641095666 ], [ 31.007748957445703, -17.996122652594643 ], [ 31.005963989424266, -17.997867443499963 ], [ 31.003584032062349, -17.997266199934483 ], [ 31.002530405105251, -17.997313356366632 ], [ 31.001526360593196, -17.99786744349997 ], [ 30.999443897901525, -17.998810566532086 ], [ 30.997658929880085, -17.99895203455187 ], [ 30.996270621418969, -17.998339005646482 ], [ 30.995031060292973, -17.997254410824468 ], [ 30.994287323617378, -17.996240544415755 ], [ 30.992502355595946, -17.994118479579779 ], [ 30.990605827073164, -17.992750913158389 ], [ 30.989515013282293, -17.991949231361758 ], [ 30.988647320494081, -17.991017861170562 ], [ 30.988461386325184, -17.990640595896505 ], [ 30.988399408268887, -17.990204381917767 ], [ 30.988721694161644, -17.989956800531175 ], [ 30.989378661558423, -17.989414478184678 ], [ 30.989837299175043, -17.988954681846117 ], [ 30.989899277231338, -17.98838877701543 ], [ 30.989638969394882, -17.987858239588412 ], [ 30.989019188831879, -17.986172298954791 ], [ 30.988523364381486, -17.985641754864282 ], [ 30.987829210150924, -17.985441326681705 ], [ 30.987110264697851, -17.985665334635502 ], [ 30.987432550590604, -17.984745721223437 ], [ 30.988052331153604, -17.984238752806395 ], [ 30.988932419553063, -17.983908633054345 ], [ 30.990147189456543, -17.983778942982827 ], [ 30.991213212024903, -17.983378082159323 ], [ 30.992452773150898, -17.983896843051781 ], [ 30.993246092271534, -17.983472402434987 ], [ 30.993841081612011, -17.98311870114135 ], [ 30.994163367504765, -17.982222654692137 ], [ 30.995303763740676, -17.98092573730203 ], [ 30.998229127998027, -17.978685584823602 ], [ 30.998675370003387, -17.977553707499524 ], [ 30.999543062791584, -17.976445403922547 ], [ 31.000931371252697, -17.976020945391326 ], [ 31.00145198692562, -17.976162431681768 ], [ 31.001823855263432, -17.976751956671695 ], [ 31.003013833944387, -17.977553707499521 ], [ 31.004327768737944, -17.977129251632373 ], [ 31.004798801965823, -17.976586889872895 ], [ 31.005369000083782, -17.976799118585866 ], [ 31.006087945536862, -17.976751956671695 ], [ 31.00673251732238, -17.977034927967786 ], [ 31.007327506662858, -17.976893442376415 ], [ 31.007525836443016, -17.976115269597543 ], [ 31.008195199451055, -17.975077700558096 ], [ 31.008765397569018, -17.974063706743419 ], [ 31.010252870920208, -17.97293179979463 ], [ 31.010947025150767, -17.971634814164521 ], [ 31.011938674051567, -17.97130467084714 ], [ 31.012806366839765, -17.970573637019942 ], [ 31.014876433920179, -17.969972300474918 ], [ 31.016115995046182, -17.968510218767779 ], [ 31.01869428218825, -17.966906631369383 ], [ 31.020528832654723, -17.964878544110935 ], [ 31.022729053653393, -17.964518909928913 ] ] ] ] } },
{ "type": "Feature", "properties": { "name": "Hopely", "area_sqkm": 3.983, "Income": 6, "Region": null, "density": "High Density", "Matched_Ward": "Harare_Ward_1", "Male Population": 5705, "Female Population": 5780, "pop_est": 11485, "Total Households": 2967 }, "geometry": { "type": "MultiPolygon", "coordinates": [ [ [ [ 31.010711203732942, -17.941891536045357 ], [ 31.013457136430926, -17.946117633796423 ], [ 31.021201294565586, -17.958469871224661 ], [ 31.022357185315595, -17.962019137357736 ], [ 31.022729053653393, -17.964518909928913 ], [ 31.020528832654723, -17.964878544110935 ], [ 31.01869428218825, -17.966906631369383 ], [ 31.016115995046182, -17.968510218767779 ], [ 31.014876433920179, -17.969972300474918 ], [ 31.012806366839765, -17.970573637019942 ], [ 31.011938674051567, -17.97130467084714 ], [ 31.010947025150767, -17.971634814164521 ], [ 31.010252870920208, -17.97293179979463 ], [ 31.008765397569018, -17.974063706743419 ], [ 31.008195199451055, -17.975077700558096 ], [ 31.007525836443016, -17.976115269597543 ], [ 31.007327506662858, -17.976893442376415 ], [ 31.00673251732238, -17.977034927967786 ], [ 31.006087945536862, -17.976751956671695 ], [ 31.005369000083782, -17.976799118585866 ], [ 31.004798801965823, -17.976586889872895 ], [ 31.004922758078429, -17.976197803236659 ], [ 31.004327768737944, -17.974452798081625 ], [ 31.004724428298271, -17.974311310421456 ], [ 31.005096296636069, -17.973745358647285 ], [ 31.005170670303627, -17.972990753460621 ], [ 31.005369000083782, -17.972943590529407 ], [ 31.005666494754024, -17.970491100752604 ], [ 31.005716077199065, -17.968085741167005 ], [ 31.005641703531495, -17.966977378179138 ], [ 31.006063154314333, -17.96634065587148 ], [ 31.005963989424256, -17.964076735751064 ], [ 31.006162319204417, -17.961529790947228 ], [ 31.00606315431434, -17.958841309391364 ], [ 31.006261484094498, -17.957190467120771 ], [ 31.005716077199057, -17.954737758710699 ], [ 31.00561691230898, -17.952968957491606 ], [ 31.005864824534182, -17.952332184721403 ], [ 31.006286275317013, -17.951270891675684 ], [ 31.006261484094498, -17.950020916142758 ], [ 31.007104385660178, -17.949124701832393 ], [ 31.007538232054277, -17.948476122854416 ], [ 31.007848122335776, -17.94796905036058 ], [ 31.007872913558298, -17.947143580400887 ], [ 31.008381133619952, -17.946294521566482 ], [ 31.009236430796893, -17.945398288375799 ], [ 31.009323200075713, -17.944702525268291 ], [ 31.009583507912168, -17.94427799050262 ], [ 31.009831420137374, -17.943723735247634 ], [ 31.010203288475171, -17.943075136467915 ], [ 31.01041401386659, -17.942497291916027 ], [ 31.010711203732942, -17.941891536045357 ] ] ] ] } },
{ "type": "Feature", "properties": { "name": "Tariro", "area_sqkm": 6.311, "Income": 6, "Region": null, "density": "High Density", "Matched_Ward": "Harare_Ward_1", "Male Population": 5705, "Female Population": 5780, "pop_est": 11485, "Total Households": 2967 }, "geometry": { "type": "MultiPolygon", "coordinates": [ [ [ [ 30.985235201646301, -17.920532776093854 ], [ 30.990046475115186, -17.923282886369268 ], [ 30.997987413578489, -17.927826483985061 ], [ 31.002437438020817, -17.930444675487404 ], [ 31.003577834256735, -17.931376364926308 ], [ 31.00437115337737, -17.932119354256287 ], [ 31.006342055567707, -17.935103073654343 ], [ 31.008982320766076, -17.93923066580075 ], [ 31.010711203732942, -17.941891536045357 ], [ 31.01041401386659, -17.942497291916027 ], [ 31.010203288475171, -17.943075136467915 ], [ 31.009831420137374, -17.943723735247634 ], [ 31.009583507912168, -17.94427799050262 ], [ 31.009323200075713, -17.944702525268291 ], [ 31.009236430796893, -17.945398288375799 ], [ 31.008381133619952, -17.946294521566482 ], [ 31.007872913558298, -17.947143580400887 ], [ 31.007848122335776, -17.94796905036058 ], [ 31.007104385660178, -17.949124701832393 ], [ 31.006261484094498, -17.950020916142758 ], [ 31.006286275317013, -17.951270891675684 ], [ 31.00561691230898, -17.952968957491606 ], [ 31.005716077199057, -17.954737758710699 ], [ 31.006261484094498, -17.957190467120771 ], [ 31.00606315431434, -17.958841309391364 ], [ 31.006162319204417, -17.961529790947228 ], [ 31.005963989424256, -17.964076735751064 ], [ 31.006063154314333, -17.96634065587148 ], [ 31.005641703531495, -17.966977378179138 ], [ 31.005716077199065, -17.968085741167005 ], [ 31.005666494754024, -17.970491100752604 ], [ 31.005369000083782, -17.972943590529407 ], [ 31.005170670303627, -17.972990753460621 ], [ 31.005096296636069, -17.973745358647285 ], [ 31.004724428298271, -17.974311310421456 ], [ 31.004327768737944, -17.974452798081625 ], [ 31.004165076340104, -17.973515440221 ], [ 31.004090702672549, -17.97162891875357 ], [ 31.003879977281123, -17.96786760644768 ], [ 31.003780812391046, -17.966829988960171 ], [ 31.003557691388366, -17.966264013216769 ], [ 31.003309779163175, -17.965485793609435 ], [ 31.003099053771756, -17.964648614144497 ], [ 31.003099053771756, -17.964212335949892 ], [ 31.003223009884358, -17.963044991700208 ], [ 31.003148636216789, -17.962302132253836 ], [ 31.002764372267738, -17.960698488517664 ], [ 31.002528855653793, -17.959637245691972 ], [ 31.002095009259701, -17.958705705071733 ], [ 30.999913381677946, -17.954460647688595 ], [ 30.997669776039903, -17.949932474143047 ], [ 30.995190653787912, -17.944967858979517 ], [ 30.993207355986314, -17.940911157885967 ], [ 30.992488410533234, -17.940085654996111 ], [ 30.990914167903231, -17.938717670300782 ], [ 30.9877656826432, -17.936040635176152 ], [ 30.985100626222312, -17.934424960025027 ], [ 30.982906603029296, -17.933104105150672 ], [ 30.979671348490452, -17.931217152521331 ], [ 30.979473018710298, -17.93117587520781 ], [ 30.979671348490452, -17.929170965537672 ], [ 30.980117590495816, -17.928274645636719 ], [ 30.980935700838973, -17.926717868710828 ], [ 30.982051305852373, -17.925349780721739 ], [ 30.985235201646301, -17.920532776093854 ] ] ] ] } },
{ "type": "Feature", "properties": { "name": "Makabusi", "area_sqkm": 0.839, "Income": 5, "Region": null, "density": "High Density", "Matched_Ward": "Harare_Ward_1", "Male Population": 5705, "Female Population": 5780, "pop_est": 11485, "Total Households": 2967 }, "geometry": { "type": "MultiPolygon", "coordinates": [ [ [ [ 30.979889547706307, -17.928732692035286 ], [ 30.978980293162646, -17.928761135619574 ], [ 30.976947412916012, -17.928525261855384 ], [ 30.974617037999138, -17.92814786317922 ], [ 30.973104773425423, -17.928006338468318 ], [ 30.972038750857067, -17.927770463698796 ], [ 30.970774398508549, -17.926850549095903 ], [ 30.969596815438855, -17.925647576636358 ], [ 30.968506506922132, -17.924674455155333 ], [ 30.969237342712322, -17.924527153761677 ], [ 30.970216596001862, -17.924373832185445 ], [ 30.971344596626516, -17.924397420128894 ], [ 30.972956026090309, -17.924574329604596 ], [ 30.974654224832928, -17.92484559045749 ], [ 30.975348379063483, -17.925022499485578 ], [ 30.974665063633243, -17.921112235102679 ], [ 30.976249591983223, -17.920994450004638 ], [ 30.976992339647275, -17.921088678089347 ], [ 30.977784603822268, -17.921654045545125 ], [ 30.978502593230857, -17.922525650171263 ], [ 30.979294857405847, -17.922337195480321 ], [ 30.980309945880062, -17.921536260807287 ], [ 30.981003177033177, -17.92108867808934 ], [ 30.982513430616756, -17.920711765449838 ], [ 30.983309221079129, -17.919447908511849 ], [ 30.985235201646301, -17.920532776093854 ], [ 30.982051305852373, -17.925349780721739 ], [ 30.980935700838973, -17.926717868710828 ], [ 30.980117590495816, -17.928274645636719 ], [ 30.979889547706307, -17.928732692035286 ] ] ] ] } },
{ "type": "Feature", "properties": { "name": "Zuvanyika", "area_sqkm": 0.302, "Income": 6, "Region": null, "density": "High Density", "Matched_Ward": "Harare_Ward_1", "Male Population": 5705, "Female Population": 5780, "pop_est": 11485, "Total Households": 2967 }, "geometry": { "type": "MultiPolygon", "coordinates": [ [ [ [ 30.968506506922132, -17.924674455155333 ], [ 30.967898616696257, -17.924137952578278 ], [ 30.967501957135941, -17.923784132578554 ], [ 30.967179671243183, -17.923312371479575 ], [ 30.967101416587603, -17.922855445398021 ], [ 30.967782268612986, -17.922348973904381 ], [ 30.968252675466889, -17.921230020122433 ], [ 30.969787687305946, -17.92066465131353 ], [ 30.971124633101248, -17.920970892975642 ], [ 30.97315481004966, -17.921206463124754 ], [ 30.974665063633243, -17.921112235102679 ], [ 30.975348379063483, -17.925022499485578 ], [ 30.974654224832928, -17.92484559045749 ], [ 30.972956026090309, -17.924574329604596 ], [ 30.971344596626516, -17.924397420128894 ], [ 30.970216596001862, -17.924373832185445 ], [ 30.968506506922132, -17.924674455155333 ] ] ] ] } },
{ "type": "Feature", "properties": { "name": "Hopely", "area_sqkm": 3.332, "Income": 6, "Region": null, "density": "High Density", "Matched_Ward": "Harare_Ward_1", "Male Population": 5705, "Female Population": 5780, "pop_est": 11485, "Total Households": 2967 }, "geometry": { "type": "MultiPolygon", "coordinates": [ [ [ [ 30.979473018710298, -17.93117587520781 ], [ 30.979629105994043, -17.932386792257905 ], [ 30.979629105994043, -17.934138956213776 ], [ 30.979452510524141, -17.936131121561221 ], [ 30.978973179962981, -17.939827368956223 ], [ 30.978594761098904, -17.943331532212017 ], [ 30.978254184121234, -17.945443597092858 ], [ 30.960985669957296, -17.941219442119067 ], [ 30.959131417523334, -17.932782830833251 ], [ 30.959383696766047, -17.932770829677324 ], [ 30.959926097137888, -17.932722825045452 ], [ 30.960190990342742, -17.932230776818347 ], [ 30.960342357888372, -17.931378690068691 ], [ 30.960418041661189, -17.931090659817524 ], [ 30.960746004676714, -17.930838632963393 ], [ 30.961275791086418, -17.930562603140139 ], [ 30.961603754101954, -17.930082550248677 ], [ 30.962209224284475, -17.929674504267677 ], [ 30.963054359747588, -17.928666386636465 ], [ 30.964113932566995, -17.927850287207782 ], [ 30.964971681992221, -17.926674137298033 ], [ 30.966283534054345, -17.926794152952795 ], [ 30.968074716677638, -17.927562251217392 ], [ 30.971051611741689, -17.928618380891816 ], [ 30.973624860017409, -17.929146443367088 ], [ 30.974558293215459, -17.929026429306443 ], [ 30.974930225619794, -17.928198583216403 ], [ 30.976947412916012, -17.928525261855384 ], [ 30.978980293162646, -17.928761135619574 ], [ 30.979889547706307, -17.928732692035286 ], [ 30.979671348490452, -17.929170965537672 ], [ 30.979473018710298, -17.93117587520781 ] ] ] ] } },
{ "type": "Feature", "properties": { "name": "Hopely", "area_sqkm": 0.36, "Income": 6, "Region": null, "density": "High Density", "Matched_Ward": "Harare_Ward_1", "Male Population": 5705, "Female Population": 5780, "pop_est": 11485, "Total Households": 2967 }, "geometry": { "type": "MultiPolygon", "coordinates": [ [ [ [ 30.962640082322757, -17.929160557098438 ], [ 30.961244531779446, -17.927933040576612 ], [ 30.96156175692655, -17.927313509909606 ], [ 30.963288645245484, -17.925440783134796 ], [ 30.964514178891164, -17.924757645168519 ], [ 30.965380717832563, -17.923968499755425 ], [ 30.966668147116902, -17.922949672492894 ], [ 30.967101416587603, -17.922855445398021 ], [ 30.967179671243183, -17.923312371479575 ], [ 30.967501957135941, -17.923784132578554 ], [ 30.968506506922132, -17.924674455155333 ], [ 30.970774398508549, -17.926850549095903 ], [ 30.972038750857067, -17.927770463698796 ], [ 30.973104773425423, -17.928006338468318 ], [ 30.974617037999138, -17.92814786317922 ], [ 30.974930225619794, -17.928198583216403 ], [ 30.974558293215459, -17.929026429306443 ], [ 30.973624860017409, -17.929146443367088 ], [ 30.971051611741689, -17.928618380891816 ], [ 30.968074716677638, -17.927562251217392 ], [ 30.966283534054345, -17.926794152952795 ], [ 30.964971681992221, -17.926674137298033 ], [ 30.964113932566995, -17.927850287207782 ], [ 30.962640082322757, -17.929160557098438 ] ] ] ] } },
{ "type": "Feature", "properties": { "name": "Granville", "area_sqkm": 2.302, "Income": 6, "Region": null, "density": "High Density", "Matched_Ward": "Harare_Ward_1", "Male Population": 5705, "Female Population": 5780, "pop_est": 11485, "Total Households": 2967 }, "geometry": { "type": "MultiPolygon", "coordinates": [ [ [ [ 30.978254184121234, -17.945443597092858 ], [ 30.978594761098904, -17.943331532212017 ], [ 30.978973179962981, -17.939827368956223 ], [ 30.979452510524141, -17.936131121561221 ], [ 30.979629105994043, -17.934138956213776 ], [ 30.979629105994043, -17.932386792257905 ], [ 30.979473018710298, -17.93117587520781 ], [ 30.979671348490452, -17.931217152521331 ], [ 30.985100626222312, -17.934424960025027 ], [ 30.9877656826432, -17.936040635176152 ], [ 30.992488410533234, -17.940085654996111 ], [ 30.993207355986314, -17.940911157885967 ], [ 30.995190653787912, -17.944967858979517 ], [ 30.997669776039903, -17.949932474143047 ], [ 30.995696140264585, -17.950312650593496 ], [ 30.989187335802502, -17.948608647115204 ], [ 30.982098289082174, -17.946712623950123 ], [ 30.979853003822001, -17.946160613386223 ], [ 30.978187960820069, -17.945920608255964 ], [ 30.978254184121234, -17.945443597092858 ] ] ] ] } },
{ "type": "Feature", "properties": { "name": "Amsterdam", "area_sqkm": 1.047, "Income": 6, "Region": null, "density": "High Density", "Matched_Ward": "Harare_Ward_1", "Male Population": 5705, "Female Population": 5780, "pop_est": 11485, "Total Households": 2967 }, "geometry": { "type": "MultiPolygon", "coordinates": [ [ [ [ 30.997669776039903, -17.949932474143047 ], [ 30.994844697820465, -17.960185347569965 ], [ 30.985813100931217, -17.957785471949489 ], [ 30.988923863670784, -17.948538179715712 ], [ 30.995696140264585, -17.950312650593496 ], [ 30.997669776039903, -17.949932474143047 ] ] ] ] } },
{ "type": "Feature", "properties": { "name": "Odar Of Stoneridge", "area_sqkm": 11.236, "Income": 6, "Region": null, "density": "High Density", "Matched_Ward": "Harare_Ward_1", "Male Population": 5705, "Female Population": 5780, "pop_est": 11485, "Total Households": 2967 }, "geometry": { "type": "MultiPolygon", "coordinates": [ [ [ [ 30.978187960820069, -17.945920608255964 ], [ 30.979853003822001, -17.946160613386223 ], [ 30.982098289082174, -17.946712623950123 ], [ 30.988923863670784, -17.948538179715712 ], [ 30.985813100931217, -17.957785471949489 ], [ 30.994844697820465, -17.960185347569965 ], [ 30.997669776039903, -17.949932474143047 ], [ 30.999913381677946, -17.954460647688595 ], [ 31.002528855653793, -17.959637245691972 ], [ 31.002764372267738, -17.960698488517664 ], [ 31.003148636216789, -17.962302132253836 ], [ 31.003223009884358, -17.963044991700208 ], [ 31.003099053771756, -17.964648614144497 ], [ 31.003309779163175, -17.965485793609435 ], [ 31.003780812391046, -17.966829988960171 ], [ 31.004165076340104, -17.973515440221 ], [ 31.004299311369337, -17.974288840330058 ], [ 31.004922758078429, -17.976197803236659 ], [ 31.004798801965823, -17.976586889872895 ], [ 31.004327768737944, -17.977129251632373 ], [ 31.003013833944387, -17.977553707499521 ], [ 31.001823855263432, -17.976751956671695 ], [ 31.00145198692562, -17.976162431681768 ], [ 31.000931371252697, -17.976020945391326 ], [ 30.999543062791584, -17.976445403922547 ], [ 30.998675370003387, -17.977553707499524 ], [ 30.998229127998027, -17.978685584823602 ], [ 30.995303763740676, -17.98092573730203 ], [ 30.994163367504765, -17.982222654692137 ], [ 30.993841081612011, -17.98311870114135 ], [ 30.992452773150898, -17.983896843051781 ], [ 30.991213212024903, -17.983378082159323 ], [ 30.990147189456543, -17.983778942982827 ], [ 30.988932419553063, -17.983908633054345 ], [ 30.988052331153604, -17.984238752806395 ], [ 30.987432550590604, -17.984745721223437 ], [ 30.987110264697851, -17.985665334635502 ], [ 30.986683464318631, -17.98613791987389 ], [ 30.986128449984662, -17.987337669155306 ], [ 30.985119333013788, -17.988801352233033 ], [ 30.984211127740011, -17.989305240319378 ], [ 30.983328150390502, -17.989281245681234 ], [ 30.981940614555565, -17.988657383944066 ], [ 30.979922380613829, -17.987409653852815 ], [ 30.979771013068206, -17.986857770421494 ], [ 30.979140314961409, -17.985082133759541 ], [ 30.977828462899275, -17.982994538080167 ], [ 30.975406582169203, -17.979587144971273 ], [ 30.973035157287665, -17.978867264772951 ], [ 30.97106737919448, -17.980211038768854 ], [ 30.968897777707117, -17.98256261865011 ], [ 30.967333646402274, -17.983474447318478 ], [ 30.966778632068294, -17.982946547084573 ], [ 30.965214500763459, -17.982322662954527 ], [ 30.964104472095503, -17.982562618650118 ], [ 30.962843075881924, -17.982370654119741 ], [ 30.96238897324503, -17.98126685401898 ], [ 30.96208623815377, -17.979779112528426 ], [ 30.975709317260456, -17.962261213699623 ], [ 30.976718434231323, -17.960293341206818 ], [ 30.976920257625494, -17.958709427920617 ], [ 30.978187960820069, -17.945920608255964 ] ] ] ] } },
{ "type": "Feature", "properties": { "name": "Saturday Retreat", "area_sqkm": 7.571, "Income": 6, "Region": null, "density": "High Density", "Matched_Ward": "Harare_Ward_1", "Male Population": 5705, "Female Population": 5780, "pop_est": 11485, "Total Households": 2967 }, "geometry": { "type": "MultiPolygon", "coordinates": [ [ [ [ 30.965923792266917, -17.942427396174132 ], [ 30.978254184121234, -17.945443597092858 ], [ 30.978187960820069, -17.945920608255964 ], [ 30.976920257625494, -17.958709427920617 ], [ 30.976718434231323, -17.960293341206818 ], [ 30.975709317260456, -17.962261213699623 ], [ 30.96208623815377, -17.979779112528426 ], [ 30.961714126270838, -17.978969247979542 ], [ 30.961196953823272, -17.977997405617284 ], [ 30.960528413830069, -17.977469489005607 ], [ 30.959670664404833, -17.977517481490075 ], [ 30.958611091585432, -17.977841430419019 ], [ 30.957967779516508, -17.978189374902914 ], [ 30.956794681037877, -17.978465330385355 ], [ 30.956000001423309, -17.978453332329874 ], [ 30.954751219171868, -17.978093390286183 ], [ 30.952720371268001, -17.977745445613138 ], [ 30.95211490108548, -17.977925417081359 ], [ 30.95099225845539, -17.978369345918644 ], [ 30.949503810923378, -17.978393342040203 ], [ 30.948999252437943, -17.977793438022594 ], [ 30.948646061498142, -17.975225825797985 ], [ 30.948570377725336, -17.973534060892725 ], [ 30.948292870558348, -17.972898145071124 ], [ 30.94791445169427, -17.972442204016158 ], [ 30.947435121133104, -17.972262226959948 ], [ 30.947447735095238, -17.971590310996419 ], [ 30.947586488678741, -17.971134366565511 ], [ 30.947939679618539, -17.97105037667356 ], [ 30.947813539997181, -17.970486443507625 ], [ 30.947800926035026, -17.970078490733428 ], [ 30.948217186785509, -17.969826519431653 ], [ 30.948343326406871, -17.969466559805671 ], [ 30.948255028671909, -17.968926618991492 ], [ 30.948721745270934, -17.968266689088654 ], [ 30.948734359233068, -17.967234793754393 ], [ 30.949339829415589, -17.966454868863259 ], [ 30.949995755446654, -17.964727022996886 ], [ 30.950248034689366, -17.96357511636646 ], [ 30.95070213732626, -17.962015230836283 ], [ 30.951156239963151, -17.961607258503232 ], [ 30.952064445236928, -17.960575324280828 ], [ 30.954095293140803, -17.95876342519816 ], [ 30.954990884452442, -17.958067459024154 ], [ 30.955495442937874, -17.957671477047004 ], [ 30.955823405953403, -17.957335491643537 ], [ 30.956416262173786, -17.956963507059147 ], [ 30.957803798008726, -17.956087540268751 ], [ 30.958320970456295, -17.956027542384575 ], [ 30.95859847762328, -17.955763551452289 ], [ 30.959191333843663, -17.955799550238989 ], [ 30.959834645912593, -17.955499560125812 ], [ 30.960351818360156, -17.955199569503641 ], [ 30.96122218174753, -17.954815580764528 ], [ 30.96272324324169, -17.954239596092268 ], [ 30.962672787393149, -17.953699608757994 ], [ 30.962742164184888, -17.952799626203067 ], [ 30.965923792266917, -17.942427396174132 ] ] ] ] } },
{ "type": "Feature", "properties": { "name": "New Cerney", "area_sqkm": 4.695, "Income": 6, "Region": null, "density": "High Density", "Matched_Ward": "Harare_Ward_1", "Male Population": 5705, "Female Population": 5780, "pop_est": 11485, "Total Households": 2967 }, "geometry": { "type": "MultiPolygon", "coordinates": [ [ [ [ 30.960985669957296, -17.941219442119067 ], [ 30.965923792266917, -17.942427396174132 ], [ 30.962742164184888, -17.952799626203067 ], [ 30.962672787393149, -17.953699608757994 ], [ 30.96272324324169, -17.954239596092268 ], [ 30.96122218174753, -17.954815580764528 ], [ 30.960351818360156, -17.955199569503641 ], [ 30.959834645912593, -17.955499560125812 ], [ 30.959191333843663, -17.955799550238989 ], [ 30.95859847762328, -17.955763551452289 ], [ 30.958320970456295, -17.956027542384575 ], [ 30.957803798008726, -17.956087540268751 ], [ 30.956416262173786, -17.956963507059147 ], [ 30.955823405953403, -17.957335491643537 ], [ 30.955495442937874, -17.957671477047004 ], [ 30.954095293140803, -17.95876342519816 ], [ 30.952064445236928, -17.960575324280828 ], [ 30.951156239963151, -17.961607258503232 ], [ 30.95070213732626, -17.962015230836283 ], [ 30.950248034689366, -17.96357511636646 ], [ 30.949995755446654, -17.964727022996886 ], [ 30.949619703314895, -17.965717624750965 ], [ 30.944828761206818, -17.964086575836237 ], [ 30.939808404276764, -17.951847139676797 ], [ 30.942318582741802, -17.949363150680636 ], [ 30.943125876318494, -17.947707138635156 ], [ 30.943378155561209, -17.945259092430202 ], [ 30.948524652112624, -17.943483037705651 ], [ 30.949016596635925, -17.942787011397048 ], [ 30.949319331727171, -17.942535001196379 ], [ 30.949874346061151, -17.93850278917456 ], [ 30.960985669957296, -17.941219442119067 ] ] ] ] } },
{ "type": "Feature", "properties": { "name": "Firle Area", "area_sqkm": 32.144, "Income": 6, "Region": null, "density": "High Density", "Matched_Ward": "Seke_Ward_10", "Male Population": 5505, "Female Population": 5148, "pop_est": 10653, "Total Households": 3114 }, "geometry": { "type": "MultiPolygon", "coordinates": [ [ [ [ 30.926628632155577, -17.907648891467435 ], [ 30.927136613930902, -17.907219227153906 ], [ 30.928363257429584, -17.907872699938377 ], [ 30.926815866462817, -17.909415792759056 ], [ 30.926506388269463, -17.910040093672045 ], [ 30.927372927210861, -17.912831751990314 ], [ 30.929452620670222, -17.916601009917908 ], [ 30.929468094579867, -17.919236498110543 ], [ 30.941776042329654, -17.919533908283256 ], [ 30.947928468813579, -17.92071765471589 ], [ 30.954402752618602, -17.924580971127611 ], [ 30.95591687467973, -17.925511452429205 ], [ 30.95929637655118, -17.927613851040366 ], [ 30.959661560819335, -17.927937747767412 ], [ 30.95994009119336, -17.928491315347689 ], [ 30.960447635430462, -17.928679763490859 ], [ 30.960707597112886, -17.928597317452894 ], [ 30.961091350072646, -17.928232198823402 ], [ 30.961244531779446, -17.927933040576612 ], [ 30.962640082322757, -17.929160557098438 ], [ 30.962209224284475, -17.929674504267677 ], [ 30.961603754101954, -17.930082550248677 ], [ 30.961275791086418, -17.930562603140139 ], [ 30.960746004676714, -17.930838632963393 ], [ 30.960418041661189, -17.931090659817524 ], [ 30.960342357888372, -17.931378690068691 ], [ 30.960190990342742, -17.932230776818347 ], [ 30.959926097137888, -17.932722825045452 ], [ 30.959131417523334, -17.932782830833251 ], [ 30.960985669957296, -17.941219442119067 ], [ 30.949874346061151, -17.93850278917456 ], [ 30.949319331727171, -17.942535001196379 ], [ 30.949016596635925, -17.942787011397048 ], [ 30.948524652112624, -17.943483037705651 ], [ 30.943378155561209, -17.945259092430202 ], [ 30.943125876318494, -17.947707138635156 ], [ 30.942318582741802, -17.949363150680636 ], [ 30.939808404276764, -17.951847139676797 ], [ 30.944828761206818, -17.964086575836237 ], [ 30.949619703314895, -17.965717624750965 ], [ 30.949339829415589, -17.966454868863259 ], [ 30.948734359233068, -17.967234793754393 ], [ 30.948721745270934, -17.968266689088654 ], [ 30.948255028671909, -17.968926618991492 ], [ 30.948343326406871, -17.969466559805671 ], [ 30.948217186785509, -17.969826519431653 ], [ 30.947800926035026, -17.970078490733428 ], [ 30.947813539997181, -17.970486443507625 ], [ 30.947939679618539, -17.97105037667356 ], [ 30.947586488678741, -17.971134366565511 ], [ 30.947471407431838, -17.971512523755067 ], [ 30.947435121133104, -17.972262226959948 ], [ 30.943944207112118, -17.972353715319816 ], [ 30.925275543151098, -17.960642820162722 ], [ 30.909735141799771, -17.965058494737622 ], [ 30.899643972091102, -17.954307094393158 ], [ 30.87638382591264, -17.936738667526008 ], [ 30.926628632155577, -17.907648891467435 ] ] ] ] } },
{ "type": "Feature", "properties": { "name": "Wild Geese", "area_sqkm": 7.364, "Income": 0, "Region": null, "density": "Low Density", "Matched_Ward": "Harare_Ward_6", "Male Population": 11215, "Female Population": 12675, "pop_est": 23890, "Total Households": 7196 }, "geometry": { "type": "MultiPolygon", "coordinates": [ [ [ [ 31.070425329257034, -17.72757923958093 ], [ 31.074781346807065, -17.716193253701263 ], [ 31.076622985278892, -17.708382845204859 ], [ 31.076471617733262, -17.70790219357621 ], [ 31.076395933960445, -17.706051672786252 ], [ 31.077190613575009, -17.70601562349048 ], [ 31.077531190552669, -17.706063689216577 ], [ 31.078048363000242, -17.706075705646082 ], [ 31.078641219220625, -17.706424181751991 ], [ 31.07914577770606, -17.70643619815737 ], [ 31.079625108267219, -17.705871426234939 ], [ 31.080180122601202, -17.705775294666878 ], [ 31.080899118442947, -17.706496280172178 ], [ 31.081681184095359, -17.707361458955067 ], [ 31.083018264081755, -17.707649850955793 ], [ 31.085314005190476, -17.707553720340378 ], [ 31.08763497422348, -17.702891323682262 ], [ 31.08816476063318, -17.702338557284982 ], [ 31.099984043154471, -17.701737722313815 ], [ 31.099933587305923, -17.702987456794993 ], [ 31.101598630307851, -17.702891323682262 ], [ 31.101749997853485, -17.703828619335127 ], [ 31.102456379733088, -17.703804586174407 ], [ 31.106442391768006, -17.708983657930162 ], [ 31.107514578549555, -17.70861115427746 ], [ 31.108120048732072, -17.708346796377374 ], [ 31.108788588725272, -17.708791398076947 ], [ 31.112522321517485, -17.710281406551086 ], [ 31.112562011118516, -17.713345544483047 ], [ 31.107919892961295, -17.713108178452977 ], [ 31.107495365257055, -17.713442249071925 ], [ 31.106904718016381, -17.719859800702348 ], [ 31.104615959958739, -17.722708065101681 ], [ 31.102733271879078, -17.722048748663472 ], [ 31.102252675372981, -17.723047397830143 ], [ 31.080503247801136, -17.722480601204438 ], [ 31.080706282790121, -17.723447595488153 ], [ 31.070425329257034, -17.72757923958093 ] ] ] ] } },
{ "type": "Feature", "properties": { "name": "Hatcliffe", "area_sqkm": 12.31, "Income": 5, "Region": null, "density": "High Density", "Matched_Ward": "Harare_Ward_6", "Male Population": 11215, "Female Population": 12675, "pop_est": 23890, "Total Households": 7196 }, "geometry": { "type": "MultiPolygon", "coordinates": [ [ [ [ 31.103698855003628, -17.698967847093062 ], [ 31.100684118053138, -17.699412472025198 ], [ 31.097202664503651, -17.699484573261792 ], [ 31.091400241921171, -17.699821045316355 ], [ 31.092560726437668, -17.696239988950818 ], [ 31.092756242850744, -17.69480994984422 ], [ 31.092428279835215, -17.692106063271201 ], [ 31.091772353804149, -17.682804382645795 ], [ 31.088921598361448, -17.676452764666649 ], [ 31.088814379683292, -17.676158313357021 ], [ 31.088833300626497, -17.675797760076225 ], [ 31.089060351944944, -17.671999888268179 ], [ 31.088883756475045, -17.67144702682323 ], [ 31.087168257624572, -17.668298087925827 ], [ 31.086815066684764, -17.667336568878937 ], [ 31.087218713473106, -17.666399082859808 ], [ 31.088051234974078, -17.665076978888724 ], [ 31.089337859111925, -17.665293323839766 ], [ 31.090624483249783, -17.663899096257971 ], [ 31.091532688523561, -17.663346209914856 ], [ 31.094181620572076, -17.663490441298585 ], [ 31.103970055189478, -17.65882690132937 ], [ 31.110466245689416, -17.657011934292385 ], [ 31.117958939198093, -17.667516854091723 ], [ 31.11881668862333, -17.667709158119536 ], [ 31.120683555019433, -17.668598561573955 ], [ 31.11858963730489, -17.676891436131477 ], [ 31.120834922565063, -17.679102804751299 ], [ 31.120078084836916, -17.680136369886299 ], [ 31.118160762592243, -17.684006177256492 ], [ 31.117643590144674, -17.685280070768929 ], [ 31.117391310901962, -17.686337635880662 ], [ 31.11700027807575, -17.688633011467235 ], [ 31.116798454681572, -17.690087134753803 ], [ 31.116533561476725, -17.691769576760802 ], [ 31.115335235073811, -17.695434842283241 ], [ 31.114022564969275, -17.699585595977247 ], [ 31.110825743610356, -17.698499187188837 ], [ 31.103698855003628, -17.698967847093062 ] ] ] ] } },
{ "type": "Feature", "properties": { "name": "Philadelphia", "area_sqkm": 2.823, "Income": 2, "Region": null, "density": "Low Density", "Matched_Ward": "Harare_Ward_6", "Male Population": 11215, "Female Population": 12675, "pop_est": 23890, "Total Households": 7196 }, "geometry": { "type": "MultiPolygon", "coordinates": [ [ [ [ 31.114022564969275, -17.699585595977247 ], [ 31.131424343778178, -17.704062942483628 ], [ 31.131626167172335, -17.707163189185778 ], [ 31.131020696989811, -17.711489025308612 ], [ 31.129658389079143, -17.714228667574179 ], [ 31.127135596651982, -17.715526378254058 ], [ 31.126959001182076, -17.717256644555398 ], [ 31.122998217071427, -17.716944236596966 ], [ 31.121383629918043, -17.715910883319115 ], [ 31.119264484279221, -17.714084476919094 ], [ 31.117523757504479, -17.713339490021426 ], [ 31.116262361290893, -17.712234019890957 ], [ 31.112522321517485, -17.710281406551086 ], [ 31.111002973011704, -17.709675086629439 ], [ 31.11209975378608, -17.705745253541348 ], [ 31.114022564969275, -17.699585595977247 ] ] ] ] } },
{ "type": "Feature", "properties": { "name": "Hatcliffe", "area_sqkm": 5.626, "Income": 5, "Region": null, "density": "High Density", "Matched_Ward": "Harare_Ward_6", "Male Population": 11215, "Female Population": 12675, "pop_est": 23890, "Total Households": 7196 }, "geometry": { "type": "MultiPolygon", "coordinates": [ [ [ [ 31.088883756475045, -17.67144702682323 ], [ 31.089060351944944, -17.671999888268179 ], [ 31.088814379683292, -17.676158313357021 ], [ 31.091772353804149, -17.682804382645795 ], [ 31.092756242850744, -17.69480994984422 ], [ 31.092560726437668, -17.696239988950818 ], [ 31.091400241921171, -17.699821045316355 ], [ 31.097202664503651, -17.699484573261792 ], [ 31.100684118053138, -17.699412472025198 ], [ 31.103698855003628, -17.698967847093062 ], [ 31.110825743610356, -17.698499187188837 ], [ 31.114022564969275, -17.699585595977247 ], [ 31.111002973011704, -17.709675086629439 ], [ 31.108788588725272, -17.708791398076947 ], [ 31.108120048732072, -17.708346796377374 ], [ 31.107514578549555, -17.70861115427746 ], [ 31.106442391768006, -17.708983657930162 ], [ 31.102456379733088, -17.703804586174407 ], [ 31.101749997853485, -17.703828619335127 ], [ 31.101598630307851, -17.702891323682262 ], [ 31.099933587305923, -17.702987456794993 ], [ 31.099984043154471, -17.701737722313815 ], [ 31.08816476063318, -17.702338557284982 ], [ 31.08763497422348, -17.702891323682262 ], [ 31.086581198901474, -17.70500817802715 ], [ 31.083617427283436, -17.70612977956899 ], [ 31.082028068054321, -17.703197747799631 ], [ 31.079227768460161, -17.700217600856821 ], [ 31.079025945065993, -17.699136083683374 ], [ 31.077941144322313, -17.698871711827831 ], [ 31.076982483199988, -17.698174729615456 ], [ 31.077335674139796, -17.697886322391344 ], [ 31.077562725458236, -17.697333540583617 ], [ 31.077386129988337, -17.697117234195613 ], [ 31.076250873396113, -17.696348142705773 ], [ 31.076604064335918, -17.695819390395719 ], [ 31.078193423565033, -17.695651150697842 ], [ 31.078748437899002, -17.694785915476231 ], [ 31.077840232625224, -17.693632262029574 ], [ 31.077688865079594, -17.691997906961614 ], [ 31.074560602469916, -17.68781581304944 ], [ 31.084651772178571, -17.688729152213199 ], [ 31.083693111056238, -17.681854959221049 ], [ 31.076730203957265, -17.680172424376771 ], [ 31.078294335262107, -17.676807307440377 ], [ 31.088883756475045, -17.67144702682323 ] ] ] ] } },
{ "type": "Feature", "properties": { "name": "Hatcliffe", "area_sqkm": 3.493, "Income": 5, "Region": null, "density": "High Density", "Matched_Ward": "Harare_Ward_6", "Male Population": 11215, "Female Population": 12675, "pop_est": 23890, "Total Households": 7196 }, "geometry": { "type": "MultiPolygon", "coordinates": [ [ [ [ 31.076730203957265, -17.680172424376771 ], [ 31.083693111056238, -17.681854959221049 ], [ 31.084651772178571, -17.688729152213199 ], [ 31.074560602469916, -17.68781581304944 ], [ 31.077688865079594, -17.691997906961614 ], [ 31.077840232625224, -17.693632262029574 ], [ 31.078748437899002, -17.694785915476231 ], [ 31.078193423565033, -17.695651150697842 ], [ 31.076604064335918, -17.695819390395719 ], [ 31.076250873396113, -17.696348142705773 ], [ 31.077386129988337, -17.697117234195613 ], [ 31.077562725458236, -17.697333540583617 ], [ 31.077335674139796, -17.697886322391344 ], [ 31.076982483199988, -17.698174729615456 ], [ 31.077941144322313, -17.698871711827831 ], [ 31.079025945065993, -17.699136083683374 ], [ 31.079227768460161, -17.700217600856821 ], [ 31.082028068054321, -17.703197747799631 ], [ 31.083617427283436, -17.70612977956899 ], [ 31.086581198901474, -17.70500817802715 ], [ 31.085314005190476, -17.707553720340378 ], [ 31.083018264081755, -17.707649850955793 ], [ 31.081681184095359, -17.707361458955067 ], [ 31.080899118442947, -17.706496280172178 ], [ 31.080180122601202, -17.705775294666878 ], [ 31.079625108267219, -17.705871426234939 ], [ 31.07914577770606, -17.70643619815737 ], [ 31.078641219220625, -17.706424181751991 ], [ 31.078048363000242, -17.706075705646082 ], [ 31.077531190552669, -17.706063689216577 ], [ 31.077190613575009, -17.70601562349048 ], [ 31.076395933960445, -17.706051672786252 ], [ 31.076471617733262, -17.70790219357621 ], [ 31.075954445285952, -17.708442926567976 ], [ 31.075172379633532, -17.708466959107561 ], [ 31.074037123041307, -17.705342701973464 ], [ 31.069092449884064, -17.702939390245131 ], [ 31.068890626489885, -17.700584113531992 ], [ 31.067679686124851, -17.698469144845586 ], [ 31.065560540486036, -17.696546424420653 ], [ 31.070101566854916, -17.684565009012989 ], [ 31.070189864589871, -17.684372723013322 ], [ 31.075525570573326, -17.679745779109467 ], [ 31.076730203957265, -17.680172424376771 ] ] ] ] } },
{ "type": "Feature", "properties": { "name": "Greystone Park", "area_sqkm": 5.648, "Income": 1, "Region": null, "density": "Low Density", "Matched_Ward": "Harare_Ward_2", "Male Population": 12684, "Female Population": 13774, "pop_est": 26458, "Total Households": 7074 }, "geometry": { "type": "MultiPolygon", "coordinates": [ [ [ [ 31.111975978309388, -17.752541792957999 ], [ 31.110923887911923, -17.751460692796432 ], [ 31.110028688187775, -17.750282901448074 ], [ 31.108385950549636, -17.748182194655246 ], [ 31.107416919920396, -17.747312020185468 ], [ 31.106457118154289, -17.746723111831262 ], [ 31.10573726682971, -17.746345154702738 ], [ 31.104537514622081, -17.746002355686819 ], [ 31.102784030626321, -17.74585293026934 ], [ 31.100744451873346, -17.745580448304647 ], [ 31.099627759433936, -17.745237647824567 ], [ 31.09763432499664, -17.744024656240391 ], [ 31.102080349961906, -17.73746902967369 ], [ 31.104484074146715, -17.737760230329251 ], [ 31.104730046408363, -17.737988501993673 ], [ 31.106142810167565, -17.738769429171999 ], [ 31.107366364494744, -17.737988501993666 ], [ 31.108375481465611, -17.738156701981303 ], [ 31.108589918821924, -17.738577201259385 ], [ 31.108880039951046, -17.739646466405397 ], [ 31.10870344448114, -17.741304415469472 ], [ 31.113093103304394, -17.743899435364071 ], [ 31.115313160640316, -17.741604766918659 ], [ 31.118491879098539, -17.740355301579132 ], [ 31.122146774627403, -17.740283216774348 ], [ 31.122550421415752, -17.739826679003656 ], [ 31.123382942916713, -17.739778622328515 ], [ 31.125199353464275, -17.74030724504583 ], [ 31.129992659075889, -17.741064133947408 ], [ 31.130724268879771, -17.741232331046692 ], [ 31.131102687743841, -17.74113621843787 ], [ 31.131695543964227, -17.741064133947408 ], [ 31.132149646601107, -17.741424556109582 ], [ 31.132256865279263, -17.741736921396697 ], [ 31.13222533037392, -17.742175433284281 ], [ 31.132130725657905, -17.742493804255886 ], [ 31.132553293389449, -17.743100509634651 ], [ 31.132944326215654, -17.743400858071372 ], [ 31.134369703937004, -17.744157733897488 ], [ 31.134640904122925, -17.744319921158276 ], [ 31.135240067324379, -17.744926620349684 ], [ 31.135763546753015, -17.745263007134259 ], [ 31.136293333162715, -17.745983833830135 ], [ 31.136419472784077, -17.750044436656999 ], [ 31.132856028480695, -17.749876247835974 ], [ 31.132723581878263, -17.752735436299506 ], [ 31.132282093203511, -17.753492272658722 ], [ 31.131613553210315, -17.753756563966647 ], [ 31.130503524542359, -17.753276034025546 ], [ 31.130314315110326, -17.753708511030595 ], [ 31.129910668321976, -17.754225079416855 ], [ 31.129368267950134, -17.754621514608932 ], [ 31.128661886070532, -17.754801712133183 ], [ 31.127766294758885, -17.754747652894956 ], [ 31.126807633636552, -17.754618511315318 ], [ 31.126249465812041, -17.754507389416386 ], [ 31.125656609591658, -17.754639534369513 ], [ 31.125833205061557, -17.755552533197587 ], [ 31.125543083932435, -17.75675384034751 ], [ 31.125517856008162, -17.757618776501133 ], [ 31.125328646576129, -17.758988250192573 ], [ 31.124761018280015, -17.760477841251955 ], [ 31.124382599415938, -17.761150555729053 ], [ 31.121784123215964, -17.763985538941132 ], [ 31.121309819763074, -17.764097290894643 ], [ 31.118208921749503, -17.76448399934689 ], [ 31.117104343263573, -17.760321675029381 ], [ 31.114884285927658, -17.756777866408235 ], [ 31.113118331228645, -17.754002835061335 ], [ 31.111975978309388, -17.752541792957999 ] ] ] ] } },
{ "type": "Feature", "properties": { "name": "Wichendon", "area_sqkm": 0.784, "Income": 2, "Region": null, "density": "Low Density", "Matched_Ward": "Harare_Ward_6", "Male Population": 11215, "Female Population": 12675, "pop_est": 23890, "Total Households": 7196 }, "geometry": { "type": "MultiPolygon", "coordinates": [ [ [ [ 31.122659208086827, -17.716727267666275 ], [ 31.122023788496573, -17.71726265239548 ], [ 31.121828272083462, -17.717364785645049 ], [ 31.121519230011135, -17.717328738622438 ], [ 31.12113450416599, -17.71721458966968 ], [ 31.120957908696091, -17.717202573986206 ], [ 31.120768699264055, -17.717334746460033 ], [ 31.117810725143215, -17.721035536177197 ], [ 31.117457534203407, -17.720831273801164 ], [ 31.116889905907293, -17.720639026646435 ], [ 31.116196137989821, -17.720711119353613 ], [ 31.115792491201482, -17.720903366431035 ], [ 31.115451914223815, -17.721263829145649 ], [ 31.115136565170417, -17.721768475728652 ], [ 31.112205034369044, -17.720446648845364 ], [ 31.112285145224451, -17.717609288193064 ], [ 31.112534324529104, -17.714910394153758 ], [ 31.112562011118516, -17.713345544483047 ], [ 31.112522321517485, -17.710281406551086 ], [ 31.116262361290893, -17.712234019890957 ], [ 31.117523757504479, -17.713339490021426 ], [ 31.119264484279221, -17.714084476919094 ], [ 31.121383629918043, -17.715910883319115 ], [ 31.122659208086827, -17.716727267666275 ] ] ] ] } },
{ "type": "Feature", "properties": { "name": "Quinnington", "area_sqkm": 5.506, "Income": 1, "Region": null, "density": "Low Density", "Matched_Ward": "Harare_Ward_6", "Male Population": 11215, "Female Population": 12675, "pop_est": 23890, "Total Households": 7196 }, "geometry": { "type": "MultiPolygon", "coordinates": [ [ [ [ 31.122146774627403, -17.740283216774348 ], [ 31.118491879098539, -17.740355301579132 ], [ 31.115313160640316, -17.741604766918659 ], [ 31.113093103304394, -17.743899435364071 ], [ 31.10870344448114, -17.741304415469472 ], [ 31.108880039951046, -17.739646466405397 ], [ 31.108589918821924, -17.738577201259385 ], [ 31.108375481465611, -17.738156701981303 ], [ 31.107366364494744, -17.737988501993666 ], [ 31.106142810167565, -17.738769429171999 ], [ 31.104730046408363, -17.737988501993673 ], [ 31.104484074146715, -17.737760230329251 ], [ 31.103300497344648, -17.737616845243444 ], [ 31.102080349961906, -17.73746902967369 ], [ 31.105211221630992, -17.732852441652419 ], [ 31.112031351488227, -17.722000398695911 ], [ 31.112155941140553, -17.721512502839158 ], [ 31.112183627729955, -17.721204820084722 ], [ 31.112205034369044, -17.720446648845364 ], [ 31.115136565170417, -17.721768475728652 ], [ 31.115451914223815, -17.721263829145649 ], [ 31.115792491201482, -17.720903366431035 ], [ 31.116196137989821, -17.720711119353613 ], [ 31.116889905907293, -17.720639026646435 ], [ 31.117457534203407, -17.720831273801164 ], [ 31.117810725143215, -17.721035536177197 ], [ 31.120768699264055, -17.717334746460033 ], [ 31.120957908696091, -17.717202573986206 ], [ 31.12113450416599, -17.71721458966968 ], [ 31.121519230011135, -17.717328738622438 ], [ 31.121828272083462, -17.717364785645049 ], [ 31.122023788496573, -17.71726265239548 ], [ 31.122659208086827, -17.716727267666275 ], [ 31.122998217071427, -17.716944236596966 ], [ 31.126959001182076, -17.717256644555398 ], [ 31.134060661864755, -17.721326910046244 ], [ 31.13865214408219, -17.726325249896092 ], [ 31.137996218051132, -17.727334513146193 ], [ 31.131991972074474, -17.732861330162841 ], [ 31.13007464982983, -17.733774440044552 ], [ 31.127148210614326, -17.734519342027699 ], [ 31.126643652128884, -17.731515686065997 ], [ 31.126870703447331, -17.730410327998225 ], [ 31.128081643812369, -17.729088695272022 ], [ 31.128813253616247, -17.729256903614839 ], [ 31.129015077010422, -17.728247651189807 ], [ 31.128687113994886, -17.728151531614831 ], [ 31.127980732115279, -17.727887202517824 ], [ 31.127249122311408, -17.727286453120289 ], [ 31.125016451013362, -17.725436132324621 ], [ 31.122745937828913, -17.725604344095306 ], [ 31.122039555949311, -17.726217114210797 ], [ 31.123540617443474, -17.728175561513407 ], [ 31.124802013657032, -17.729473171252195 ], [ 31.121534997463861, -17.732320670802665 ], [ 31.119554605408524, -17.735925035720147 ], [ 31.122146774627403, -17.740283216774348 ] ] ] ] } },
{ "type": "Feature", "properties": { "name": "Hogerty Hill", "area_sqkm": 2.47, "Income": 2, "Region": null, "density": "Low Density", "Matched_Ward": "Harare_Ward_6", "Male Population": 11215, "Female Population": 12675, "pop_est": 23890, "Total Households": 7196 }, "geometry": { "type": "MultiPolygon", "coordinates": [ [ [ [ 31.143268854223969, -17.700265668135678 ], [ 31.141982230086118, -17.701899947954406 ], [ 31.141654267070596, -17.702717082284419 ], [ 31.140973113115258, -17.703750511551185 ], [ 31.140796517645352, -17.704086975609901 ], [ 31.140569466326905, -17.704880066967018 ], [ 31.140443326705544, -17.705480891419572 ], [ 31.140102749727873, -17.706367103815651 ], [ 31.139598191242445, -17.707280348621552 ], [ 31.139131474643428, -17.708133507333383 ], [ 31.138879195400708, -17.709214970293246 ], [ 31.13766825503567, -17.708998678222709 ], [ 31.135624793169669, -17.709022710687869 ], [ 31.134186801486184, -17.709070775608524 ], [ 31.133303824136675, -17.708662223372549 ], [ 31.13279926565124, -17.708638190859112 ], [ 31.131450645817097, -17.708417228013708 ], [ 31.131626167172335, -17.707163189185778 ], [ 31.131424343778178, -17.704062942483628 ], [ 31.114022564969275, -17.699585595977247 ], [ 31.115335235073811, -17.695434842283241 ], [ 31.115554218802423, -17.69476505247053 ], [ 31.136129351655136, -17.697294485282985 ], [ 31.143268854223969, -17.700265668135678 ] ] ] ] } },
{ "type": "Feature", "properties": { "name": "Brooke Estate", "area_sqkm": 5.023, "Income": 1, "Region": null, "density": "Low Density", "Matched_Ward": "Harare_Ward_2", "Male Population": 12684, "Female Population": 13774, "pop_est": 26458, "Total Households": 7074 }, "geometry": { "type": "MultiPolygon", "coordinates": [ [ [ [ 31.136124522735951, -17.729057398475341 ], [ 31.137996218051132, -17.727334513146193 ], [ 31.13865214408219, -17.726325249896092 ], [ 31.134060661864755, -17.721326910046244 ], [ 31.126959001182076, -17.717256644555398 ], [ 31.127135596651982, -17.715526378254058 ], [ 31.129658389079143, -17.714228667574179 ], [ 31.131020696989811, -17.711489025308612 ], [ 31.131450645817097, -17.708417228013708 ], [ 31.13279926565124, -17.708638190859112 ], [ 31.133303824136675, -17.708662223372549 ], [ 31.134186801486184, -17.709070775608524 ], [ 31.135624793169669, -17.709022710687869 ], [ 31.13766825503567, -17.708998678222709 ], [ 31.138879195400708, -17.709214970293246 ], [ 31.139131474643428, -17.708133507333383 ], [ 31.140102749727873, -17.706367103815651 ], [ 31.140443326705544, -17.705480891419572 ], [ 31.140569466326905, -17.704880066967018 ], [ 31.140796517645352, -17.704086975609901 ], [ 31.140973113115258, -17.703750511551185 ], [ 31.141654267070596, -17.702717082284419 ], [ 31.141982230086118, -17.701899947954406 ], [ 31.143268854223969, -17.700265668135678 ], [ 31.14415813855463, -17.70047896652973 ], [ 31.151020133956518, -17.702617944861785 ], [ 31.155687299946766, -17.704035905213036 ], [ 31.155939579189486, -17.704204137053736 ], [ 31.156898240311811, -17.705237557758647 ], [ 31.155863895416665, -17.706150808312522 ], [ 31.155435020704047, -17.70663146463216 ], [ 31.154892620332205, -17.707376479383427 ], [ 31.154312378073957, -17.708217621352929 ], [ 31.153555540345803, -17.709190937853855 ], [ 31.152193232435131, -17.711209651542809 ], [ 31.151411166782704, -17.712363192024146 ], [ 31.151360710934156, -17.712939959483357 ], [ 31.151259799237074, -17.714574123880642 ], [ 31.151045361880758, -17.717109452412153 ], [ 31.150856152448721, -17.718214892494949 ], [ 31.150597566224924, -17.718971874707918 ], [ 31.150427277736089, -17.719260248043778 ], [ 31.150187612455507, -17.719542613152459 ], [ 31.147790959649697, -17.721399002476868 ], [ 31.14550152552205, -17.722960998021833 ], [ 31.145224018355069, -17.723393548228252 ], [ 31.145085264771566, -17.724138493359558 ], [ 31.1440761478007, -17.72558031385207 ], [ 31.142512016495857, -17.727262423102545 ], [ 31.139383753886182, -17.730097942960793 ], [ 31.136124522735951, -17.729057398475341 ] ] ] ] } },
{ "type": "Feature", "properties": { "name": "Luna", "area_sqkm": 6.773, "Income": 1, "Region": null, "density": "Low Density", "Matched_Ward": "Harare_Ward_2", "Male Population": 12684, "Female Population": 13774, "pop_est": 26458, "Total Households": 7074 }, "geometry": { "type": "MultiPolygon", "coordinates": [ [ [ [ 31.156898240311811, -17.705237557758647 ], [ 31.160250400749423, -17.705159450587683 ], [ 31.164236412784341, -17.697132255481151 ], [ 31.171855245914376, -17.7009776631945 ], [ 31.180836386955086, -17.697997479397344 ], [ 31.196982258488934, -17.719194162528641 ], [ 31.195619950578266, -17.720443775419067 ], [ 31.193753084182163, -17.721501133370641 ], [ 31.191835761937519, -17.722029810008173 ], [ 31.189060690267631, -17.722991036264371 ], [ 31.18623516274921, -17.723760013558753 ], [ 31.172157981005643, -17.712116863690056 ], [ 31.168626071607612, -17.710050095563236 ], [ 31.168474704061978, -17.710626870458746 ], [ 31.167717866333835, -17.710626870458754 ], [ 31.166607837665882, -17.711828478869108 ], [ 31.165245529755214, -17.711972671337527 ], [ 31.16464005957269, -17.71168428628479 ], [ 31.162571369782416, -17.713799099239395 ], [ 31.161663164508639, -17.714471989042 ], [ 31.160199944900882, -17.714375862081884 ], [ 31.159544018869816, -17.713895226508598 ], [ 31.159291739627097, -17.715072781375582 ], [ 31.157778064170802, -17.71545728741301 ], [ 31.156970770594114, -17.715265034497342 ], [ 31.157071682291196, -17.713534748983488 ], [ 31.150597566224924, -17.718971874707918 ], [ 31.150856152448721, -17.718214892494949 ], [ 31.151045361880758, -17.717109452412153 ], [ 31.151411166782704, -17.712363192024146 ], [ 31.153555540345803, -17.709190937853855 ], [ 31.154892620332205, -17.707376479383427 ], [ 31.155435020704047, -17.70663146463216 ], [ 31.155863895416665, -17.706150808312522 ], [ 31.156898240311811, -17.705237557758647 ] ] ] ] } },
{ "type": "Feature", "properties": { "name": "Helensvale", "area_sqkm": 7.486, "Income": 1, "Region": null, "density": "Low Density", "Matched_Ward": "Harare_Ward_2", "Male Population": 12684, "Female Population": 13774, "pop_est": 26458, "Total Households": 7074 }, "geometry": { "type": "MultiPolygon", "coordinates": [ [ [ [ 31.136419472784077, -17.750044436656999 ], [ 31.136293333162715, -17.745983833830135 ], [ 31.135763546753015, -17.745263007134259 ], [ 31.135240067324379, -17.744926620349684 ], [ 31.134640904122925, -17.744319921158276 ], [ 31.134369703937004, -17.744157733897488 ], [ 31.132944326215654, -17.743400858071372 ], [ 31.132553293389449, -17.743100509634651 ], [ 31.132130725657905, -17.742493804255886 ], [ 31.13222533037392, -17.742175433284281 ], [ 31.132256865279263, -17.741736921396697 ], [ 31.132149646601107, -17.741424556109582 ], [ 31.131695543964227, -17.741064133947408 ], [ 31.131102687743841, -17.74113621843787 ], [ 31.130724268879771, -17.741232331046692 ], [ 31.129992659075889, -17.741064133947408 ], [ 31.125199353464275, -17.74030724504583 ], [ 31.123382942916713, -17.739778622328515 ], [ 31.122550421415752, -17.739826679003656 ], [ 31.122146774627403, -17.740283216774348 ], [ 31.119554605408524, -17.735925035720147 ], [ 31.121534997463861, -17.732320670802665 ], [ 31.124802013657032, -17.729473171252195 ], [ 31.123540617443474, -17.728175561513407 ], [ 31.122039555949311, -17.726217114210797 ], [ 31.122745937828913, -17.725604344095306 ], [ 31.125016451013362, -17.725436132324621 ], [ 31.127980732115279, -17.727887202517824 ], [ 31.129015077010422, -17.728247651189807 ], [ 31.128813253616247, -17.729256903614839 ], [ 31.128081643812369, -17.729088695272022 ], [ 31.126870703447331, -17.730410327998225 ], [ 31.126643652128884, -17.731515686065997 ], [ 31.127148210614326, -17.734519342027699 ], [ 31.13007464982983, -17.733774440044552 ], [ 31.131991972074474, -17.732861330162841 ], [ 31.136124522735951, -17.729057398475341 ], [ 31.139383753886182, -17.730097942960793 ], [ 31.142512016495857, -17.727262423102545 ], [ 31.1440761478007, -17.72558031385207 ], [ 31.145085264771566, -17.724138493359558 ], [ 31.145224018355069, -17.723393548228252 ], [ 31.14550152552205, -17.722960998021833 ], [ 31.147790959649697, -17.721399002476868 ], [ 31.150187612455507, -17.719542613152459 ], [ 31.150427277736089, -17.719260248043778 ], [ 31.150597566224924, -17.718971874707918 ], [ 31.157071682291196, -17.713534748983488 ], [ 31.156970770594114, -17.715265034497342 ], [ 31.157778064170802, -17.71545728741301 ], [ 31.15897323708317, -17.716905185564087 ], [ 31.161420345737515, -17.720341643923081 ], [ 31.162732197799645, -17.724715222948202 ], [ 31.161823992525861, -17.727598843058395 ], [ 31.160562596312285, -17.729857646407623 ], [ 31.1593012000987, -17.732452832130338 ], [ 31.157383877854055, -17.734807690351069 ], [ 31.156172937489011, -17.735961079003243 ], [ 31.152918535257967, -17.737402804375744 ], [ 31.148327053040536, -17.740238163756803 ], [ 31.147015200978409, -17.742376667832321 ], [ 31.145854716461916, -17.743193617704087 ], [ 31.144240129308528, -17.74374625815096 ], [ 31.143130100640576, -17.743794313761395 ], [ 31.140582080289143, -17.744563201774184 ], [ 31.139194544454199, -17.745620417400549 ], [ 31.139219772378475, -17.747302338485426 ], [ 31.13831156710469, -17.74917646050908 ], [ 31.136419472784077, -17.750044436656999 ] ] ] ] } },
{ "type": "Feature", "properties": { "name": "Carrick Creagh", "area_sqkm": 2.908, "Income": 1, "Region": null, "density": "Low Density", "Matched_Ward": "Harare_Ward_2", "Male Population": 12684, "Female Population": 13774, "pop_est": 26458, "Total Households": 7074 }, "geometry": { "type": "MultiPolygon", "coordinates": [ [ [ [ 31.162732197799645, -17.724715222948202 ], [ 31.161420345737515, -17.720341643923081 ], [ 31.15897323708317, -17.716905185564087 ], [ 31.157778064170802, -17.71545728741301 ], [ 31.159291739627097, -17.715072781375582 ], [ 31.159544018869816, -17.713895226508598 ], [ 31.160199944900882, -17.714375862081884 ], [ 31.161663164508639, -17.714471989042 ], [ 31.162571369782416, -17.713799099239395 ], [ 31.16464005957269, -17.71168428628479 ], [ 31.165245529755214, -17.711972671337527 ], [ 31.166607837665882, -17.711828478869108 ], [ 31.167717866333835, -17.710626870458754 ], [ 31.168474704061978, -17.710626870458746 ], [ 31.168626071607612, -17.710050095563236 ], [ 31.172157981005643, -17.712116863690056 ], [ 31.18623516274921, -17.723760013558753 ], [ 31.183113207120687, -17.724640128054784 ], [ 31.181801355058568, -17.723967276405848 ], [ 31.178269445660533, -17.724063398224601 ], [ 31.176352123415892, -17.72464012805478 ], [ 31.174434801171245, -17.724063398224608 ], [ 31.173223860806207, -17.725216856029526 ], [ 31.170701068379042, -17.725505219321096 ], [ 31.167270070678097, -17.726947028820579 ], [ 31.162732197799645, -17.724715222948202 ] ] ] ] } },
{ "type": "Feature", "properties": { "name": "Grey Linchen", "area_sqkm": 22.598, "Income": 1, "Region": null, "density": "Low Density", "Matched_Ward": "Epworth_Ward_7", "Male Population": 13364, "Female Population": 13917, "pop_est": 27281, "Total Households": 7539 }, "geometry": { "type": "MultiPolygon", "coordinates": [ [ [ [ 31.196982258488934, -17.719194162528641 ], [ 31.197215616788583, -17.717466918836607 ], [ 31.197619263576929, -17.716697914553951 ], [ 31.199486129973025, -17.714535072331607 ], [ 31.202412569188535, -17.713525737036111 ], [ 31.20624721367783, -17.713862182765645 ], [ 31.207180646875873, -17.728809348925452 ], [ 31.200015916382732, -17.72900158731828 ], [ 31.199208622806037, -17.740823852103201 ], [ 31.194869419831313, -17.740823852103201 ], [ 31.195273066619659, -17.744764433638654 ], [ 31.193759391163365, -17.745629427734187 ], [ 31.195008173414806, -17.748152303308995 ], [ 31.196875039810909, -17.749533862962171 ], [ 31.198035524327413, -17.749509835928883 ], [ 31.19879236205556, -17.749846214101503 ], [ 31.191842068918721, -17.751227760680486 ], [ 31.189949974598335, -17.750651116448463 ], [ 31.187742531224565, -17.750927425374808 ], [ 31.183201504855663, -17.749690038599976 ], [ 31.181990564490629, -17.75081930454138 ], [ 31.180426433185783, -17.751492055332612 ], [ 31.175834950968362, -17.754231086017445 ], [ 31.170890277811118, -17.756441501264668 ], [ 31.165441046168439, -17.757258386945502 ], [ 31.156850937953941, -17.75536032330535 ], [ 31.155665225513175, -17.755624611854248 ], [ 31.143442296203556, -17.769331041802481 ], [ 31.138371483424969, -17.766928588377361 ], [ 31.139733791335633, -17.764910502554674 ], [ 31.138371483424969, -17.763517049052339 ], [ 31.126615270714385, -17.769907625820927 ], [ 31.125555697894985, -17.769379090541719 ], [ 31.123709324178336, -17.769739635848431 ], [ 31.121309819763074, -17.764097290894643 ], [ 31.121784123215964, -17.763985538941132 ], [ 31.124382599415938, -17.761150555729053 ], [ 31.124761018280015, -17.760477841251955 ], [ 31.125328646576129, -17.758988250192573 ], [ 31.125517856008162, -17.757618776501133 ], [ 31.125543083932435, -17.75675384034751 ], [ 31.125833205061557, -17.755552533197587 ], [ 31.125656609591658, -17.754639534369513 ], [ 31.126249465812041, -17.754507389416386 ], [ 31.126807633636552, -17.754618511315318 ], [ 31.127766294758885, -17.754747652894956 ], [ 31.128661886070532, -17.754801712133183 ], [ 31.129368267950134, -17.754621514608932 ], [ 31.129910668321976, -17.754225079416855 ], [ 31.130314315110326, -17.753708511030595 ], [ 31.130503524542359, -17.753276034025546 ], [ 31.131613553210315, -17.753756563966647 ], [ 31.132282093203511, -17.753492272658722 ], [ 31.132723581878263, -17.752735436299506 ], [ 31.132856028480695, -17.749876247835974 ], [ 31.136419472784077, -17.750044436656999 ], [ 31.13831156710469, -17.74917646050908 ], [ 31.139219772378475, -17.747302338485426 ], [ 31.139194544454199, -17.745620417400549 ], [ 31.140582080289143, -17.744563201774184 ], [ 31.143130100640576, -17.743794313761395 ], [ 31.144240129308528, -17.74374625815096 ], [ 31.145854716461916, -17.743193617704087 ], [ 31.147015200978409, -17.742376667832321 ], [ 31.148327053040536, -17.740238163756803 ], [ 31.152918535257967, -17.737402804375744 ], [ 31.156172937489011, -17.735961079003243 ], [ 31.157383877854055, -17.734807690351069 ], [ 31.1593012000987, -17.732452832130338 ], [ 31.160562596312285, -17.729857646407623 ], [ 31.161823992525861, -17.727598843058395 ], [ 31.162732197799645, -17.724715222948202 ], [ 31.167270070678097, -17.726947028820579 ], [ 31.170701068379042, -17.725505219321096 ], [ 31.173223860806207, -17.725216856029526 ], [ 31.174434801171245, -17.724063398224608 ], [ 31.176352123415892, -17.72464012805478 ], [ 31.178269445660533, -17.724063398224601 ], [ 31.181801355058568, -17.723967276405848 ], [ 31.183113207120687, -17.724640128054784 ], [ 31.18623516274921, -17.723760013558753 ], [ 31.189060690267631, -17.722991036264371 ], [ 31.191835761937519, -17.722029810008173 ], [ 31.193753084182163, -17.721501133370641 ], [ 31.195619950578266, -17.720443775419067 ], [ 31.196982258488934, -17.719194162528641 ] ] ] ] } },
{ "type": "Feature", "properties": { "name": "Mandara", "area_sqkm": 1.075, "Income": 2, "Region": null, "density": "Low Density", "Matched_Ward": "Harare_Ward_2", "Male Population": 12684, "Female Population": 13774, "pop_est": 26458, "Total Households": 7074 }, "geometry": { "type": "MultiPolygon", "coordinates": [ [ [ [ 31.134984687714262, -17.794295384107176 ], [ 31.132153733947419, -17.790207021451018 ], [ 31.139626572657193, -17.78340726846157 ], [ 31.141417755280465, -17.780572593260331 ], [ 31.14865816954643, -17.778482592061582 ], [ 31.149137500107592, -17.779119204211277 ], [ 31.149276253691088, -17.780296330136245 ], [ 31.149017667467295, -17.780962964337757 ], [ 31.148399583322643, -17.781125118226893 ], [ 31.147907638799346, -17.781305289042201 ], [ 31.14765535955663, -17.781509482413231 ], [ 31.147106652203714, -17.782110049798895 ], [ 31.146791303150319, -17.782530445767584 ], [ 31.146084921270717, -17.782878773106471 ], [ 31.144672157511504, -17.78377961652286 ], [ 31.145879944386014, -17.785425145434662 ], [ 31.144132910630201, -17.786554185699782 ], [ 31.141383066884593, -17.783659504329808 ], [ 31.140159512557418, -17.785100845315679 ], [ 31.141471364619544, -17.78638603121901 ], [ 31.142272351215173, -17.787659196920444 ], [ 31.140998341039428, -17.788523983541285 ], [ 31.141941234709076, -17.790007323062198 ], [ 31.138519697479744, -17.792104696071679 ], [ 31.134984687714262, -17.794295384107176 ] ] ] ] } },
{ "type": "Feature", "properties": { "name": "The Grange", "area_sqkm": 3.957, "Income": 1, "Region": null, "density": "Low Density", "Matched_Ward": "Harare_Ward_2", "Male Population": 12684, "Female Population": 13774, "pop_est": 26458, "Total Households": 7074 }, "geometry": { "type": "MultiPolygon", "coordinates": [ [ [ [ 31.14865816954643, -17.778482592061582 ], [ 31.141417755280465, -17.780572593260331 ], [ 31.139626572657193, -17.78340726846157 ], [ 31.132153733947419, -17.790207021451018 ], [ 31.131193932181322, -17.788062845419695 ], [ 31.130234130415218, -17.785672586055803 ], [ 31.127705421916069, -17.779617705048203 ], [ 31.123709324178336, -17.769739635848431 ], [ 31.125555697894985, -17.769379090541719 ], [ 31.126615270714385, -17.769907625820927 ], [ 31.138371483424969, -17.763517049052339 ], [ 31.139733791335633, -17.764910502554674 ], [ 31.138371483424969, -17.766928588377361 ], [ 31.143442296203556, -17.769331041802481 ], [ 31.144457720155231, -17.771840069634436 ], [ 31.150234914813439, -17.777990116955888 ], [ 31.149629444630921, -17.778518626772119 ], [ 31.14865816954643, -17.778482592061582 ] ] ] ] } },
{ "type": "Feature", "properties": { "name": "Mandara", "area_sqkm": 5.464, "Income": 2, "Region": null, "density": "Low Density", "Matched_Ward": "Epworth_Ward_1", "Male Population": 22475, "Female Population": 22848, "pop_est": 45323, "Total Households": 12722 }, "geometry": { "type": "MultiPolygon", "coordinates": [ [ [ [ 31.144942631037605, -17.809940579786417 ], [ 31.145062606258364, -17.809132212387404 ], [ 31.144850342406247, -17.80835898796877 ], [ 31.144315068344373, -17.807524253299757 ], [ 31.134984687714262, -17.794295384107176 ], [ 31.141941234709076, -17.790007323062198 ], [ 31.140998341039428, -17.788523983541285 ], [ 31.142272351215173, -17.787659196920444 ], [ 31.141471364619544, -17.78638603121901 ], [ 31.140159512557418, -17.785100845315679 ], [ 31.141383066884593, -17.783659504329808 ], [ 31.144132910630201, -17.786554185699782 ], [ 31.145879944386014, -17.785425145434662 ], [ 31.144672157511504, -17.78377961652286 ], [ 31.146084921270717, -17.782878773106471 ], [ 31.146791303150319, -17.782530445767584 ], [ 31.147106652203714, -17.782110049798895 ], [ 31.14765535955663, -17.781509482413231 ], [ 31.147907638799346, -17.781305289042201 ], [ 31.148399583322643, -17.781125118226893 ], [ 31.149017667467295, -17.780962964337757 ], [ 31.149276253691088, -17.780296330136245 ], [ 31.149137500107592, -17.779119204211277 ], [ 31.14865816954643, -17.778482592061582 ], [ 31.149629444630921, -17.778518626772119 ], [ 31.150234914813439, -17.777990116955888 ], [ 31.156478826070686, -17.778662765541625 ], [ 31.156529281919227, -17.78130528904223 ], [ 31.160338698484242, -17.801363169910847 ], [ 31.145933553725133, -17.808905310817227 ], [ 31.144942631037605, -17.809940579786417 ] ] ] ] } },
{ "type": "Feature", "properties": { "name": "Gletwyn", "area_sqkm": 11.25, "Income": 1, "Region": null, "density": "Low Density", "Matched_Ward": "Epworth_Ward_7", "Male Population": 13364, "Female Population": 13917, "pop_est": 27281, "Total Households": 7539 }, "geometry": { "type": "MultiPolygon", "coordinates": [ [ [ [ 31.156478826070686, -17.778662765541625 ], [ 31.150234914813439, -17.777990116955888 ], [ 31.144457720155231, -17.771840069634436 ], [ 31.143442296203556, -17.769331041802481 ], [ 31.155665225513175, -17.755624611854248 ], [ 31.156850937953941, -17.75536032330535 ], [ 31.165441046168439, -17.757258386945502 ], [ 31.170890277811118, -17.756441501264668 ], [ 31.175834950968362, -17.754231086017445 ], [ 31.180426433185783, -17.751492055332612 ], [ 31.181990564490629, -17.75081930454138 ], [ 31.183201504855663, -17.749690038599976 ], [ 31.187742531224565, -17.750927425374808 ], [ 31.189949974598335, -17.750651116448463 ], [ 31.191842068918721, -17.751227760680486 ], [ 31.195964498910893, -17.750408324723242 ], [ 31.198518008378869, -17.764272338235685 ], [ 31.198492780454593, -17.768188378917621 ], [ 31.196424090664319, -17.770903129788145 ], [ 31.194103121631322, -17.771239467733874 ], [ 31.191883064295418, -17.771095322977477 ], [ 31.187140214532352, -17.769749966312997 ], [ 31.174425340699443, -17.770855081458528 ], [ 31.156478826070686, -17.778662765541625 ] ] ] ] } },
{ "type": "Feature", "properties": { "name": "Chikurubi", "area_sqkm": 9.936, "Income": 0, "Region": null, "density": "Low Density", "Matched_Ward": "Epworth_Ward_7", "Male Population": 13364, "Female Population": 13917, "pop_est": 27281, "Total Households": 7539 }, "geometry": { "type": "MultiPolygon", "coordinates": [ [ [ [ 31.154522190972376, -17.810344762111956 ], [ 31.152584129713887, -17.810608358787299 ], [ 31.151052138433379, -17.810696224259168 ], [ 31.144942631037605, -17.809940579786417 ], [ 31.145933553725133, -17.808905310817227 ], [ 31.160338698484242, -17.801363169910847 ], [ 31.156529281919227, -17.78130528904223 ], [ 31.156478826070686, -17.778662765541625 ], [ 31.172079030644216, -17.771875869943713 ], [ 31.176695853883903, -17.782302230935979 ], [ 31.177553603309139, -17.784007829467196 ], [ 31.184213775316856, -17.794000868215914 ], [ 31.170313189043181, -17.817660039372271 ], [ 31.168824741511148, -17.816483159856617 ], [ 31.165412664753418, -17.813805129557444 ], [ 31.164365705896145, -17.813114599526887 ], [ 31.163388123830618, -17.812616215321611 ], [ 31.159376883871424, -17.811415283803676 ], [ 31.156778407671435, -17.810574626929114 ], [ 31.155517011457849, -17.810358457378015 ], [ 31.154522190972376, -17.810344762111956 ] ] ] ] } },
{ "type": "Feature", "properties": { "name": "Manresa", "area_sqkm": 14.96, "Income": 4, "Region": null, "density": "High Density", "Matched_Ward": "Epworth_Ward_6", "Male Population": 10448, "Female Population": 10736, "pop_est": 21184, "Total Households": 5825 }, "geometry": { "type": "MultiPolygon", "coordinates": [ [ [ [ 31.170313189043181, -17.817660039372271 ], [ 31.184213775316856, -17.794000868215914 ], [ 31.177553603309139, -17.784007829467196 ], [ 31.176695853883903, -17.782302230935979 ], [ 31.172079030644216, -17.771875869943713 ], [ 31.174425340699443, -17.770855081458528 ], [ 31.187140214532352, -17.769749966312997 ], [ 31.191883064295418, -17.771095322977477 ], [ 31.194103121631322, -17.771239467733874 ], [ 31.196424090664319, -17.770903129788145 ], [ 31.198492780454593, -17.768188378917621 ], [ 31.202012075890519, -17.779023111956732 ], [ 31.211598687113746, -17.794397215192891 ], [ 31.192576832212929, -17.805974962736613 ], [ 31.206855837350687, -17.8144296065867 ], [ 31.201785024572079, -17.821466831121114 ], [ 31.198101747628407, -17.821755039173024 ], [ 31.19618442538377, -17.821851108420091 ], [ 31.195099624640079, -17.821634952541363 ], [ 31.190810877513901, -17.819329273523319 ], [ 31.187367265850831, -17.817587985747657 ], [ 31.186080641712977, -17.817275753037752 ], [ 31.184970613045028, -17.817251735114347 ], [ 31.183229886270283, -17.817431869461075 ], [ 31.174072149759677, -17.818440618438952 ], [ 31.173063032788811, -17.818464636202183 ], [ 31.171700724878143, -17.818224458424229 ], [ 31.170313189043181, -17.817660039372271 ] ] ] ] } },
{ "type": "Feature", "properties": { "name": "Amby", "area_sqkm": 1.279, "Income": 2, "Region": null, "density": "Low Density", "Matched_Ward": "Harare_Ward_2", "Male Population": 12684, "Female Population": 13774, "pop_est": 26458, "Total Households": 7072 }, "geometry": { "type": "MultiPolygon", "coordinates": [ [ [ [ 31.10733039932834, -17.836362071027459 ], [ 31.107376543644023, -17.835843738774869 ], [ 31.107681096127497, -17.83549232622001 ], [ 31.112941548114804, -17.831675062666179 ], [ 31.113163040830059, -17.831648706131695 ], [ 31.114150529185569, -17.831806845280077 ], [ 31.114381250763962, -17.831367569521227 ], [ 31.114335106448284, -17.831130360161008 ], [ 31.113356846955902, -17.83031330328005 ], [ 31.119189488457621, -17.826175247977975 ], [ 31.119853966603387, -17.827018681061144 ], [ 31.120147461629035, -17.827519102328541 ], [ 31.120437582758157, -17.827939391306472 ], [ 31.120563722379504, -17.828563818814285 ], [ 31.12144669972901, -17.828731933538592 ], [ 31.122266607267854, -17.833319002647837 ], [ 31.121005211054264, -17.839562990620703 ], [ 31.118696855983416, -17.838734474046714 ], [ 31.11559382129801, -17.838086067082024 ], [ 31.114029689993167, -17.838074059523372 ], [ 31.112806135665995, -17.837965991459058 ], [ 31.10733039932834, -17.836362071027459 ] ] ] ] } },
{ "type": "Feature", "properties": { "name": "Athlone Park", "area_sqkm": 5.206, "Income": 2, "Region": null, "density": "Medium Density", "Matched_Ward": "Epworth_Ward_1", "Male Population": 22475, "Female Population": 22848, "pop_est": 45323, "Total Households": 12722 }, "geometry": { "type": "MultiPolygon", "coordinates": [ [ [ [ 31.121005211054264, -17.839562990620703 ], [ 31.122266607267854, -17.833319002647837 ], [ 31.12144669972901, -17.828731933538592 ], [ 31.120563722379504, -17.828563818814285 ], [ 31.120437582758157, -17.827939391306472 ], [ 31.120147461629035, -17.827519102328541 ], [ 31.119853966603387, -17.827018681061144 ], [ 31.120712250874991, -17.826535464679047 ], [ 31.120839147743109, -17.826386106623087 ], [ 31.125887335878303, -17.822731188119867 ], [ 31.126201117224916, -17.822766331923951 ], [ 31.126339550171949, -17.822432465505333 ], [ 31.13827247020631, -17.813857155816716 ], [ 31.143699041730052, -17.816053739604982 ], [ 31.136704469491235, -17.845871672646016 ], [ 31.133853714048524, -17.844310751500814 ], [ 31.134850217057263, -17.839027532206728 ], [ 31.133714960465035, -17.841308941592118 ], [ 31.132521758484263, -17.843720524625883 ], [ 31.13065489208816, -17.842711918799147 ], [ 31.121005211054264, -17.839562990620703 ] ] ] ] } },
{ "type": "Feature", "properties": { "name": "Eastark", "area_sqkm": 0.045, "Income": 0, "Region": null, "density": "Low Density", "Matched_Ward": "Epworth_Ward_1", "Male Population": 22475, "Female Population": 22848, "pop_est": 45323, "Total Households": 12722 }, "geometry": { "type": "MultiPolygon", "coordinates": [ [ [ [ 31.132521758484263, -17.843720524625883 ], [ 31.134850217057263, -17.839027532206728 ], [ 31.133853714048524, -17.844310751500814 ], [ 31.132521758484263, -17.843720524625883 ] ] ] ] } },
{ "type": "Feature", "properties": { "name": "Beverly", "area_sqkm": 5.052, "Income": 0, "Region": null, "density": "Low Density", "Matched_Ward": "Harare_Ward_2", "Male Population": 12684, "Female Population": 13774, "pop_est": 26458, "Total Households": 7074 }, "geometry": { "type": "MultiPolygon", "coordinates": [ [ [ [ 31.102813447627351, -17.833922491979482 ], [ 31.103758829294851, -17.835422043625819 ], [ 31.104515596071973, -17.83587009468852 ], [ 31.10733039932834, -17.836362071027459 ], [ 31.112806135665995, -17.837965991459058 ], [ 31.114029689993167, -17.838074059523372 ], [ 31.11559382129801, -17.838086067082024 ], [ 31.118696855983416, -17.838734474046714 ], [ 31.121005211054264, -17.839562990620703 ], [ 31.13065489208816, -17.842711918799147 ], [ 31.132521758484263, -17.843720524625883 ], [ 31.133853714048524, -17.844310751500814 ], [ 31.136704469491235, -17.845871672646016 ], [ 31.141789867163396, -17.849312404798784 ], [ 31.143278314695429, -17.850008797889092 ], [ 31.146174783610078, -17.850709180766483 ], [ 31.144763563048368, -17.851098025200493 ], [ 31.140356593574968, -17.850933060998944 ], [ 31.133758518492602, -17.850544216204387 ], [ 31.127123306027038, -17.85012002091382 ], [ 31.124300864903624, -17.849860789960591 ], [ 31.120184804931803, -17.848991774350694 ], [ 31.119739156333374, -17.848402608811238 ], [ 31.118204144494317, -17.848190508739478 ], [ 31.11642155010059, -17.848261208791488 ], [ 31.116074934524033, -17.848308342143891 ], [ 31.114440889663104, -17.848072675257036 ], [ 31.112881119568588, -17.848638275261113 ], [ 31.107360028599107, -17.8498401693003 ], [ 31.106245907103023, -17.849580937939333 ], [ 31.105094648223755, -17.849910868696835 ], [ 31.102556927038229, -17.849392405803229 ], [ 31.10161920811225, -17.849055109529996 ], [ 31.100344157955611, -17.848713393876338 ], [ 31.099031970415787, -17.848630910689209 ], [ 31.098338739262665, -17.848701610566227 ], [ 31.097687190516766, -17.848887454012115 ], [ 31.098146862782869, -17.847674250216382 ], [ 31.099619978983267, -17.843597154542493 ], [ 31.09893912695788, -17.841181490212623 ], [ 31.098443961848513, -17.840780840276345 ], [ 31.099260984278985, -17.838647953379951 ], [ 31.09910005561844, -17.838341569737953 ], [ 31.096574713560631, -17.837163166201414 ], [ 31.091969678043466, -17.83532484111193 ], [ 31.08792170327434, -17.834158201884957 ], [ 31.087525835843017, -17.833454668815921 ], [ 31.089168573481334, -17.833992775165491 ], [ 31.090285265920745, -17.834186053783974 ], [ 31.092712456925412, -17.834247551482235 ], [ 31.100063246412926, -17.834366154126041 ], [ 31.101535250083057, -17.834370546815038 ], [ 31.102107439597468, -17.834282693014565 ], [ 31.102813447627351, -17.833922491979482 ] ] ] ] } },
{ "type": "Feature", "properties": { "name": "Cleveland Park", "area_sqkm": 11.131, "Income": 0, "Region": null, "density": "Low Density", "Matched_Ward": "Epworth_Ward_1", "Male Population": 22475, "Female Population": 22848, "pop_est": 45323, "Total Households": 12722 }, "geometry": { "type": "MultiPolygon", "coordinates": [ [ [ [ 31.177305748506893, -17.81808442960812 ], [ 31.175361927387957, -17.820067439306218 ], [ 31.171804790065639, -17.825615405997368 ], [ 31.163731854298689, -17.835606113797478 ], [ 31.161082922250159, -17.838776125107714 ], [ 31.157500557003566, -17.844059351863205 ], [ 31.154120015151154, -17.847229212645388 ], [ 31.150973349652812, -17.851464108332163 ], [ 31.14796356756769, -17.850997868382073 ], [ 31.146174783610078, -17.850709180766483 ], [ 31.143278314695429, -17.850008797889092 ], [ 31.141789867163396, -17.849312404798784 ], [ 31.136704469491235, -17.845871672646016 ], [ 31.143699041730052, -17.816053739604982 ], [ 31.143860546834929, -17.815443092027724 ], [ 31.144259695165555, -17.813402459591959 ], [ 31.145307171131446, -17.813547435325756 ], [ 31.145473290667894, -17.813534255718459 ], [ 31.149298654437612, -17.812066920015042 ], [ 31.154522190972376, -17.810344762111956 ], [ 31.155517011457849, -17.810358457378015 ], [ 31.156778407671435, -17.810574626929114 ], [ 31.163388123830618, -17.812616215321611 ], [ 31.164365705896145, -17.813114599526887 ], [ 31.165412664753418, -17.813805129557444 ], [ 31.168824741511148, -17.816483159856617 ], [ 31.170313189043181, -17.817660039372271 ], [ 31.171700724878143, -17.818224458424229 ], [ 31.173063032788811, -17.818464636202183 ], [ 31.174072149759677, -17.818440618438952 ], [ 31.177305748506893, -17.81808442960812 ] ] ] ] } },
{ "type": "Feature", "properties": { "name": "Donny Brook", "area_sqkm": 6.886, "Income": 0, "Region": null, "density": "Low Density", "Matched_Ward": "Epworth_Ward_7", "Male Population": 13364, "Female Population": 13917, "pop_est": 27281, "Total Households": 7539 }, "geometry": { "type": "MultiPolygon", "coordinates": [ [ [ [ 31.192904828818314, -17.820455009181369 ], [ 31.191610287364178, -17.822204988051219 ], [ 31.191332780197186, -17.82256524655115 ], [ 31.191074193973403, -17.822823431361471 ], [ 31.190607477374378, -17.823159671483889 ], [ 31.190399346999133, -17.823345804136 ], [ 31.188702769091851, -17.825555363992304 ], [ 31.186728684017577, -17.828083114898899 ], [ 31.186104292891851, -17.828923689202135 ], [ 31.185965539308356, -17.829151844400076 ], [ 31.185372683087966, -17.830532777519235 ], [ 31.183303993297667, -17.835208357446557 ], [ 31.181985834254469, -17.838282315503804 ], [ 31.181821852746701, -17.838666556529596 ], [ 31.181720941049615, -17.838852672978351 ], [ 31.181178540677777, -17.839393009953014 ], [ 31.179895070030437, -17.840665797234344 ], [ 31.179655404749855, -17.840953974223314 ], [ 31.179535572109565, -17.841188117683355 ], [ 31.179491423242091, -17.841530326801745 ], [ 31.179377897582878, -17.842412863071047 ], [ 31.179138232302297, -17.842857131374004 ], [ 31.176615439875107, -17.844634193497026 ], [ 31.174748573479004, -17.845378633167162 ], [ 31.166953144879031, -17.846987572783913 ], [ 31.165389013574188, -17.84761193349356 ], [ 31.160898443053814, -17.851021864866958 ], [ 31.160551559095069, -17.851526144945584 ], [ 31.160702926640699, -17.852102463285156 ], [ 31.161169643239724, -17.853050983153949 ], [ 31.161753915863653, -17.854149835337573 ], [ 31.156851781280892, -17.852494323208173 ], [ 31.156319478788319, -17.852358817974505 ], [ 31.154809225204726, -17.852064241023513 ], [ 31.150973349652812, -17.851464108332163 ], [ 31.154120015151154, -17.847229212645388 ], [ 31.157500557003566, -17.844059351863205 ], [ 31.161082922250159, -17.838776125107714 ], [ 31.171804790065639, -17.825615405997368 ], [ 31.175361927387957, -17.820067439306218 ], [ 31.177305748506893, -17.81808442960812 ], [ 31.184970613045028, -17.817251735114347 ], [ 31.186080641712977, -17.817275753037752 ], [ 31.187367265850831, -17.817587985747657 ], [ 31.190810877513901, -17.819329273523319 ], [ 31.192904828818314, -17.820455009181369 ] ] ] ] } },
{ "type": "Feature", "properties": { "name": "Mabvuku", "area_sqkm": 10.131, "Income": 5, "Region": null, "density": "High Density", "Matched_Ward": "Epworth_Ward_6", "Male Population": 10448, "Female Population": 10736, "pop_est": 21184, "Total Households": 5825 }, "geometry": { "type": "MultiPolygon", "coordinates": [ [ [ [ 31.19906329788283, -17.821679800095346 ], [ 31.199147129740275, -17.824199910345111 ], [ 31.198995762194645, -17.824776317142792 ], [ 31.199752599922792, -17.825905108387186 ], [ 31.199853511619882, -17.827490207424614 ], [ 31.199626460301435, -17.83114068490082 ], [ 31.198491203709196, -17.831981244776269 ], [ 31.198011873148037, -17.83265368982056 ], [ 31.197810049753866, -17.833710384046391 ], [ 31.198793938800456, -17.836316069151348 ], [ 31.19763345428396, -17.839702202039675 ], [ 31.19753254258686, -17.840950972382029 ], [ 31.197835277678116, -17.843928774000826 ], [ 31.197582998435401, -17.846426246622006 ], [ 31.196725249010164, -17.848587492716671 ], [ 31.19581704373638, -17.849788173648864 ], [ 31.195514308645127, -17.854494764764869 ], [ 31.196523425615997, -17.858720985360868 ], [ 31.199803055771323, -17.866836968242954 ], [ 31.200174086177917, -17.869060532966873 ], [ 31.198886656893556, -17.868153319612929 ], [ 31.197438298948644, -17.867322685143449 ], [ 31.196310250933863, -17.866777763258714 ], [ 31.187258282461624, -17.863429102204091 ], [ 31.179827442355677, -17.860712817200945 ], [ 31.169020463843665, -17.856718499813535 ], [ 31.161753915863653, -17.854149835337573 ], [ 31.160702926640699, -17.852102463285156 ], [ 31.160551559095069, -17.851526144945584 ], [ 31.160898443053814, -17.851021864866958 ], [ 31.165389013574188, -17.84761193349356 ], [ 31.166953144879031, -17.846987572783913 ], [ 31.174748573479004, -17.845378633167162 ], [ 31.176615439875107, -17.844634193497026 ], [ 31.179138232302297, -17.842857131374004 ], [ 31.179377897582878, -17.842412863071047 ], [ 31.179535572109565, -17.841188117683355 ], [ 31.179655404749855, -17.840953974223314 ], [ 31.179895070030437, -17.840665797234344 ], [ 31.181720941049615, -17.838852672978351 ], [ 31.183303993297667, -17.835208357446557 ], [ 31.185372683087966, -17.830532777519235 ], [ 31.185965539308356, -17.829151844400076 ], [ 31.186728684017577, -17.828083114898899 ], [ 31.188702769091851, -17.825555363992304 ], [ 31.190399346999133, -17.823345804136 ], [ 31.190607477374378, -17.823159671483889 ], [ 31.191074193973403, -17.822823431361471 ], [ 31.192904828818314, -17.820455009181369 ], [ 31.195099624640079, -17.821634952541363 ], [ 31.19618442538377, -17.821851108420091 ], [ 31.19906329788283, -17.821679800095346 ] ] ] ] } },
{ "type": "Feature", "properties": { "name": "Tafara", "area_sqkm": 18.83, "Income": 5, "Region": null, "density": "High Density", "Matched_Ward": "Epworth_Ward_6", "Male Population": 10448, "Female Population": 10736, "pop_est": 21184, "Total Households": 5825 }, "geometry": { "type": "MultiPolygon", "coordinates": [ [ [ [ 31.201785024572079, -17.821466831121114 ], [ 31.205365813073186, -17.821503982966181 ], [ 31.220855758576032, -17.81996686580532 ], [ 31.238010747080818, -17.852915909430777 ], [ 31.218610473315838, -17.874046195496049 ], [ 31.217550900496427, -17.873950154424147 ], [ 31.216693151071183, -17.874094216012523 ], [ 31.211950301308093, -17.872653594872361 ], [ 31.204066574973176, -17.870420609021807 ], [ 31.202641197251815, -17.869256083763048 ], [ 31.201724388094835, -17.870281433671412 ], [ 31.200174086177917, -17.869060532966873 ], [ 31.199803055771323, -17.866836968242954 ], [ 31.196523425615997, -17.858720985360868 ], [ 31.195514308645127, -17.854494764764869 ], [ 31.19581704373638, -17.849788173648864 ], [ 31.196725249010164, -17.848587492716671 ], [ 31.197582998435401, -17.846426246622006 ], [ 31.197835277678116, -17.843928774000826 ], [ 31.19753254258686, -17.840950972382029 ], [ 31.19763345428396, -17.839702202039675 ], [ 31.198793938800456, -17.836316069151348 ], [ 31.197810049753866, -17.833710384046391 ], [ 31.198011873148037, -17.83265368982056 ], [ 31.198491203709196, -17.831981244776269 ], [ 31.199626460301435, -17.83114068490082 ], [ 31.199853511619882, -17.827490207424614 ], [ 31.199752599922792, -17.825905108387186 ], [ 31.198995762194645, -17.824776317142792 ], [ 31.199147129740275, -17.824199910345111 ], [ 31.19906329788283, -17.821679800095346 ], [ 31.201785024572079, -17.821466831121114 ] ] ] ] } },
{ "type": "Feature", "properties": { "name": "Caledonia", "area_sqkm": 21.583, "Income": 6, "Region": null, "density": "High Density", "Matched_Ward": "Epworth_Ward_6", "Male Population": 10448, "Female Population": 10736, "pop_est": 21184, "Total Households": 5825 }, "geometry": { "type": "MultiPolygon", "coordinates": [ [ [ [ 31.214755087608307, -17.820572256608415 ], [ 31.234327470137089, -17.801700576438225 ], [ 31.293461724630049, -17.858666957606285 ], [ 31.238010747080818, -17.852915909430777 ], [ 31.220855758576032, -17.81996686580532 ], [ 31.214755087608307, -17.820572256608415 ] ] ] ] } },
{ "type": "Feature", "properties": { "name": "Hunters Hill", "area_sqkm": 2.273, "Income": 0, "Region": null, "density": "Low Density", "Matched_Ward": "Epworth_Ward_6", "Male Population": 10448, "Female Population": 10736, "pop_est": 21184, "Total Households": 5825 }, "geometry": { "type": "MultiPolygon", "coordinates": [ [ [ [ 31.20624721367783, -17.713862182765645 ], [ 31.20899863416826, -17.71347729781024 ], [ 31.211016868109997, -17.712323764492677 ], [ 31.214750600902217, -17.71241989255245 ], [ 31.218484333694438, -17.710208934146412 ], [ 31.224135388731305, -17.719533226020996 ], [ 31.207180646875873, -17.728809348925452 ], [ 31.20624721367783, -17.713862182765645 ] ] ] ] } },
{ "type": "Feature", "properties": { "name": "Guildforn East", "area_sqkm": 3.28, "Income": 0, "Region": null, "density": "Low Density", "Matched_Ward": "Harare_Ward_6", "Male Population": 11215, "Female Population": 12675, "pop_est": 23890, "Total Households": 7196 }, "geometry": { "type": "MultiPolygon", "coordinates": [ [ [ [ 31.129606356485027, -17.67264251244416 ], [ 31.133037354185987, -17.674613562806762 ], [ 31.130615473455901, -17.681728394089038 ], [ 31.135963793401508, -17.679805494484381 ], [ 31.145550404624775, -17.682497548170677 ], [ 31.145651316321857, -17.685958700800896 ], [ 31.141308215582292, -17.691156359248847 ], [ 31.1398993495879, -17.690333117771168 ], [ 31.13778020394907, -17.692255904716859 ], [ 31.120221568655939, -17.6902369778836 ], [ 31.124056213145241, -17.679372839238368 ], [ 31.129606356485027, -17.67264251244416 ] ] ] ] } },
{ "type": "Feature", "properties": { "name": "Guildforn East", "area_sqkm": 3.28, "Income": 0, "Region": null, "density": "Low Density", "Matched_Ward": "Harare_Ward_6", "Male Population": 11215, "Female Population": 12675, "pop_est": 23890, "Total Households": 7196 }, "geometry": { "type": "MultiPolygon", "coordinates": [ [ [ [ 31.129606356485027, -17.67264251244416 ], [ 31.133037354185987, -17.674613562806762 ], [ 31.130615473455901, -17.681728394089038 ], [ 31.135963793401508, -17.679805494484381 ], [ 31.145550404624775, -17.682497548170677 ], [ 31.145651316321857, -17.685958700800896 ], [ 31.141308215582292, -17.691156359248847 ], [ 31.1398993495879, -17.690333117771168 ], [ 31.13778020394907, -17.692255904716859 ], [ 31.120221568655939, -17.6902369778836 ], [ 31.124056213145241, -17.679372839238368 ], [ 31.129606356485027, -17.67264251244416 ] ] ] ] } },
{ "type": "Feature", "properties": { "name": "Happy Valley", "area_sqkm": 3.359, "Income": 2, "Region": null, "density": "Low Density", "Matched_Ward": "Harare_Ward_2", "Male Population": 12684, "Female Population": 13774, "pop_est": 26458, "Total Households": 7074 }, "geometry": { "type": "MultiPolygon", "coordinates": [ [ [ [ 31.145550404624775, -17.682497548170677 ], [ 31.173281091005062, -17.700504532804008 ], [ 31.171855245914376, -17.7009776631945 ], [ 31.164236412784341, -17.697132255481151 ], [ 31.160250400749423, -17.705159450587683 ], [ 31.156898240311811, -17.705237557758647 ], [ 31.155939579189486, -17.704204137053736 ], [ 31.151020133956518, -17.702617944861785 ], [ 31.147110919088888, -17.701399391952457 ], [ 31.147467726869426, -17.694755496973961 ], [ 31.141308215582292, -17.691156359248847 ], [ 31.145651316321857, -17.685958700800896 ], [ 31.145550404624775, -17.682497548170677 ] ] ] ] } },
{ "type": "Feature", "properties": { "name": "Lot J", "area_sqkm": 8.674, "Income": 0, "Region": null, "density": "Low Density", "Matched_Ward": "Harare_Ward_2", "Male Population": 12684, "Female Population": 13774, "pop_est": 26458, "Total Households": 7074 }, "geometry": { "type": "MultiPolygon", "coordinates": [ [ [ [ 31.145550404624775, -17.682497548170677 ], [ 31.145752228018946, -17.673459779850596 ], [ 31.156650691304343, -17.67019068793978 ], [ 31.177438500904255, -17.685285704121611 ], [ 31.182685909152777, -17.677978720806323 ], [ 31.190153374737214, -17.688554521522533 ], [ 31.196712635047849, -17.692015557474242 ], [ 31.180836386955086, -17.697997479397344 ], [ 31.173281091005062, -17.700504532804008 ], [ 31.145550404624775, -17.682497548170677 ] ] ] ] } },
{ "type": "Feature", "properties": { "name": "Colray", "area_sqkm": null, "Income": 1, "Region": null, "density": "Low Density", "Matched_Ward": "Harare_Ward_2", "Male Population": 12684, "Female Population": 13774, "pop_est": 26458, "Total Households": 7074 }, "geometry": { "type": "MultiPolygon", "coordinates": [ [ [ [ 31.110611260173211, -17.754217265568887 ], [ 31.110306707689734, -17.753562459779786 ], [ 31.111214597100705, -17.753130682168376 ], [ 31.111975978309388, -17.752541792957992 ], [ 31.113118331228645, -17.754002835061335 ], [ 31.117104343263573, -17.760321675029367 ], [ 31.118208921749503, -17.764483999346897 ], [ 31.117064542720694, -17.764598253956859 ], [ 31.114683496031706, -17.765793528576921 ], [ 31.110730081785963, -17.767029442921388 ], [ 31.107029307668572, -17.76826425014421 ], [ 31.105081440742829, -17.770170824084648 ], [ 31.104555395544093, -17.770280680793885 ], [ 31.103915804812242, -17.770162329791457 ], [ 31.103926102439345, -17.769928589802252 ], [ 31.101339713545599, -17.760935478490065 ], [ 31.101337406329812, -17.76079046004131 ], [ 31.103462352066792, -17.760227963127683 ], [ 31.108753951467175, -17.757428635777654 ], [ 31.109559169775753, -17.754880858252911 ], [ 31.109743747038468, -17.754643547244591 ], [ 31.110131359290158, -17.754432603861886 ], [ 31.110611260173211, -17.754217265568887 ] ] ] ] } },
{ "type": "Feature", "properties": { "name": "Sunridge", "area_sqkm": null, "Income": 3, "Region": null, "density": "Medium Density", "Matched_Ward": "Harare_Ward_5", "Male Population": 5894, "Female Population": 6126, "pop_est": 12020, "Total Households": 3230 }, "geometry": { "type": "MultiPolygon", "coordinates": [ [ [ [ 30.99729351055473, -17.765080539438681 ], [ 30.999729930422529, -17.76685586613349 ], [ 31.001021971261515, -17.768244475718461 ], [ 31.005322621482719, -17.773482424927668 ], [ 31.00637471188017, -17.774264588735992 ], [ 31.007998991792043, -17.774958866102754 ], [ 31.008995767037057, -17.775200327085724 ], [ 31.007675981582281, -17.781919067344134 ], [ 31.007952847476343, -17.782903316344612 ], [ 31.007011503436544, -17.783619529842387 ], [ 31.005416063722016, -17.782260332864663 ], [ 31.00504075662117, -17.782248615604377 ], [ 31.004653144369474, -17.782400939928124 ], [ 31.004394736201675, -17.782647002022898 ], [ 31.003871767290651, -17.783373469087184 ], [ 31.003631816849129, -17.783613671256894 ], [ 31.003434934435564, -17.783631247012732 ], [ 31.001736823618597, -17.782484425319716 ], [ 31.000961599115207, -17.782050886721159 ], [ 31.000118696282154, -17.781875127530121 ], [ 30.998737443099522, -17.781778459901343 ], [ 30.997543843467305, -17.781708156138485 ], [ 30.996571736550354, -17.781602700442296 ], [ 30.995808817197808, -17.781719873434209 ], [ 30.994762879375763, -17.78224715094677 ], [ 30.994190689861352, -17.782698264916672 ], [ 30.993292413849481, -17.783237256737653 ], [ 30.994181460998266, -17.782008411599175 ], [ 30.995018211255889, -17.780309398438838 ], [ 30.995375060630469, -17.778680674103555 ], [ 30.995485806988103, -17.777544073506128 ], [ 30.995178178216907, -17.775306003774698 ], [ 30.995030516406739, -17.77336085234295 ], [ 30.995067431859272, -17.772118756619317 ], [ 30.995215093669444, -17.771392243799276 ], [ 30.99729351055473, -17.765080539438681 ] ] ] ] } },
{ "type": "Feature", "properties": { "name": "Grey Linchen", "area_sqkm": 22.598, "Income": 1, "Region": null, "density": "Low Density", "Matched_Ward": "Harare_Ward_2", "Male Population": 12684, "Female Population": 13774, "pop_est": 26458, "Total Households": 7074 }, "geometry": { "type": "MultiPolygon", "coordinates": [ [ [ [ 31.196982258488934, -17.719194162528641 ], [ 31.197215616788583, -17.717466918836607 ], [ 31.197619263576929, -17.716697914553951 ], [ 31.199486129973025, -17.714535072331607 ], [ 31.202412569188535, -17.713525737036111 ], [ 31.20624721367783, -17.713862182765645 ], [ 31.207180646875873, -17.728809348925452 ], [ 31.200015916382732, -17.72900158731828 ], [ 31.199208622806037, -17.740823852103201 ], [ 31.194869419831313, -17.740823852103201 ], [ 31.195273066619659, -17.744764433638654 ], [ 31.193759391163365, -17.745629427734187 ], [ 31.195008173414806, -17.748152303308995 ], [ 31.196875039810909, -17.749533862962171 ], [ 31.198035524327413, -17.749509835928883 ], [ 31.19879236205556, -17.749846214101503 ], [ 31.191842068918721, -17.751227760680486 ], [ 31.189949974598335, -17.750651116448463 ], [ 31.187742531224565, -17.750927425374808 ], [ 31.183201504855663, -17.749690038599976 ], [ 31.181990564490629, -17.75081930454138 ], [ 31.180426433185783, -17.751492055332612 ], [ 31.175834950968362, -17.754231086017445 ], [ 31.170890277811118, -17.756441501264668 ], [ 31.165441046168439, -17.757258386945502 ], [ 31.156850937953941, -17.75536032330535 ], [ 31.155665225513175, -17.755624611854248 ], [ 31.143442296203556, -17.769331041802481 ], [ 31.138371483424969, -17.766928588377361 ], [ 31.139733791335633, -17.764910502554674 ], [ 31.138371483424969, -17.763517049052339 ], [ 31.126615270714385, -17.769907625820927 ], [ 31.125555697894985, -17.769379090541719 ], [ 31.123709324178336, -17.769739635848431 ], [ 31.121309819763074, -17.764097290894643 ], [ 31.121784123215964, -17.763985538941132 ], [ 31.124382599415938, -17.761150555729053 ], [ 31.124761018280015, -17.760477841251955 ], [ 31.125328646576129, -17.758988250192573 ], [ 31.125517856008162, -17.757618776501133 ], [ 31.125543083932435, -17.75675384034751 ], [ 31.125833205061557, -17.755552533197587 ], [ 31.125656609591658, -17.754639534369513 ], [ 31.126249465812041, -17.754507389416386 ], [ 31.126807633636552, -17.754618511315318 ], [ 31.127766294758885, -17.754747652894956 ], [ 31.128661886070532, -17.754801712133183 ], [ 31.129368267950134, -17.754621514608932 ], [ 31.129910668321976, -17.754225079416855 ], [ 31.130314315110326, -17.753708511030595 ], [ 31.130503524542359, -17.753276034025546 ], [ 31.131613553210315, -17.753756563966647 ], [ 31.132282093203511, -17.753492272658722 ], [ 31.132723581878263, -17.752735436299506 ], [ 31.132856028480695, -17.749876247835974 ], [ 31.136419472784077, -17.750044436656999 ], [ 31.13831156710469, -17.74917646050908 ], [ 31.139219772378475, -17.747302338485426 ], [ 31.139194544454199, -17.745620417400549 ], [ 31.140582080289143, -17.744563201774184 ], [ 31.143130100640576, -17.743794313761395 ], [ 31.144240129308528, -17.74374625815096 ], [ 31.145854716461916, -17.743193617704087 ], [ 31.147015200978409, -17.742376667832321 ], [ 31.148327053040536, -17.740238163756803 ], [ 31.152918535257967, -17.737402804375744 ], [ 31.156172937489011, -17.735961079003243 ], [ 31.157383877854055, -17.734807690351069 ], [ 31.1593012000987, -17.732452832130338 ], [ 31.160562596312285, -17.729857646407623 ], [ 31.161823992525861, -17.727598843058395 ], [ 31.162732197799645, -17.724715222948202 ], [ 31.167270070678097, -17.726947028820579 ], [ 31.170701068379042, -17.725505219321096 ], [ 31.173223860806207, -17.725216856029526 ], [ 31.174434801171245, -17.724063398224608 ], [ 31.176352123415892, -17.72464012805478 ], [ 31.178269445660533, -17.724063398224601 ], [ 31.181801355058568, -17.723967276405848 ], [ 31.183113207120687, -17.724640128054784 ], [ 31.18623516274921, -17.723760013558753 ], [ 31.189060690267631, -17.722991036264371 ], [ 31.191835761937519, -17.722029810008173 ], [ 31.193753084182163, -17.721501133370641 ], [ 31.195619950578266, -17.720443775419067 ], [ 31.196982258488934, -17.719194162528641 ] ] ] ] } },
{ "type": "Feature", "properties": { "name": "Glenlourne", "area_sqkm": null, "Income": null, "Region": null, "density": "Low Density", "Matched_Ward": "Harare_Ward_2", "Male Population": 12684, "Female Population": 13774, "pop_est": 26458, "Total Households": 7074 }, "geometry": { "type": "MultiPolygon", "coordinates": [ [ [ [ 31.136408896197771, -17.750045417808135 ], [ 31.138021954385909, -17.750264793721716 ], [ 31.138538133006115, -17.750368029445767 ], [ 31.139415636660466, -17.749993799946122 ], [ 31.140577038555918, -17.753052158270826 ], [ 31.149416597426907, -17.757736479249179 ], [ 31.155817212317434, -17.755645955837355 ], [ 31.156939900816369, -17.755362057596233 ], [ 31.165534274842763, -17.757271918490982 ], [ 31.170850914630854, -17.756394414836642 ], [ 31.175909465108848, -17.754226464631792 ], [ 31.180451836966643, -17.751490717944705 ], [ 31.182026181758264, -17.750819685738449 ], [ 31.18329081937776, -17.74963247491198 ], [ 31.179742091363863, -17.734108402909364 ], [ 31.178064510848206, -17.731114566912165 ], [ 31.176386930332534, -17.724584907366598 ], [ 31.174464164972274, -17.724075180979138 ], [ 31.173225336283785, -17.725197869478087 ], [ 31.170708965510293, -17.725481767719195 ], [ 31.167244116522177, -17.726952876786779 ], [ 31.162766266991909, -17.724707499788895 ], [ 31.161856502173801, -17.727565838898272 ], [ 31.159301418003793, -17.732508249186719 ], [ 31.156210798515328, -17.735908575847301 ], [ 31.152887898647766, -17.737360328216635 ], [ 31.148300361160711, -17.740244476257022 ], [ 31.147074436937725, -17.742302738505085 ], [ 31.144293524621375, -17.743754490874391 ], [ 31.143106313794913, -17.743806108736425 ], [ 31.140609299719671, -17.744528758804705 ], [ 31.139176904048611, -17.745677256234668 ], [ 31.139241426376131, -17.747309671121069 ], [ 31.13827359146325, -17.74914210522277 ], [ 31.136499227456309, -17.750026061109878 ], [ 31.136408896197771, -17.750045417808135 ] ] ] ] } },
{ "type": "Feature", "properties": { "name": "Borrowdale", "area_sqkm": 6.589, "Income": 1, "Region": "5", "density": "Low Density", "Matched_Ward": null, "Male Population": 9042, "Female Population": 9444, "pop_est": 18486, "Total Households": null }, "geometry": { "type": "MultiPolygon", "coordinates": [ [ [ [ 31.086655438688901, -17.761068411964803 ], [ 31.086349732597558, -17.761043143625965 ], [ 31.085602194683574, -17.761131033484784 ], [ 31.085089992779537, -17.75775163732273 ], [ 31.084060974539909, -17.751273916700463 ], [ 31.083682591151359, -17.748434896044607 ], [ 31.083592609735785, -17.74703075076545 ], [ 31.085410695773504, -17.746854957153506 ], [ 31.085133829879435, -17.745079431997013 ], [ 31.084792361943418, -17.744297140572773 ], [ 31.085724477120117, -17.743927968151812 ], [ 31.086951915917155, -17.743145671696819 ], [ 31.088243956756145, -17.742161203885587 ], [ 31.089309890448309, -17.741633808188972 ], [ 31.090329679824794, -17.741392084642278 ], [ 31.091432528969513, -17.741378899712174 ], [ 31.092290813241132, -17.74154151378238 ], [ 31.093222928417827, -17.741809606927085 ], [ 31.102733271879078, -17.722048748663472 ], [ 31.104615959958739, -17.722708065101681 ], [ 31.106904718016381, -17.719859800702348 ], [ 31.107495365257055, -17.713442249071925 ], [ 31.107919892961295, -17.713108178452977 ], [ 31.112562011118516, -17.713345544483047 ], [ 31.112534324529104, -17.714910394153758 ], [ 31.112285145224451, -17.717609288193064 ], [ 31.112183627729955, -17.721204820084722 ], [ 31.112155941140553, -17.721512502839158 ], [ 31.112031351488227, -17.722000398695911 ], [ 31.110591648839065, -17.724387113347767 ], [ 31.105211221630992, -17.732852441652419 ], [ 31.09763432499664, -17.744024656240391 ], [ 31.099627759433936, -17.745237647824567 ], [ 31.100744451873346, -17.745580448304647 ], [ 31.102784030626321, -17.74585293026934 ], [ 31.104537514622081, -17.746002355686819 ], [ 31.10573726682971, -17.746345154702738 ], [ 31.106457118154289, -17.746723111831262 ], [ 31.107416919920396, -17.747312020185468 ], [ 31.108385950549636, -17.748182194655246 ], [ 31.110028688187775, -17.750282901448074 ], [ 31.110923887911923, -17.751460692796432 ], [ 31.111975978309388, -17.752541792957999 ], [ 31.111214597100705, -17.753130682168376 ], [ 31.110306707689734, -17.753562459779786 ], [ 31.107268104502332, -17.754872068961912 ], [ 31.10584685957944, -17.755346690057671 ], [ 31.103387367553808, -17.755882834595987 ], [ 31.100203409772011, -17.756656286181432 ], [ 31.097739303314796, -17.757236372676338 ], [ 31.098357637144893, -17.761472704900683 ], [ 31.092709572905896, -17.762905300773784 ], [ 31.092543453369455, -17.76142876006061 ], [ 31.092072781349529, -17.758651424266279 ], [ 31.09127909911987, -17.758739315300193 ], [ 31.090503874616473, -17.758651424266279 ], [ 31.089830167607573, -17.758352594427961 ], [ 31.088528897905444, -17.757649463427658 ], [ 31.086655438688901, -17.761068411964803 ] ] ] ] } },
{ "type": "Feature", "properties": { "name": "Mt Pleasant", "area_sqkm": 9.888, "Income": 1, "Region": "4", "density": "Low Density", "Matched_Ward": null, "Male Population": 9042, "Female Population": 9444, "pop_est": 18486, "Total Households": null }, "geometry": { "type": "MultiPolygon", "coordinates": [ [ [ [ 31.029412261482403, -17.747945973468735 ], [ 31.028369399948076, -17.747541649970277 ], [ 31.030851964131564, -17.742408420083695 ], [ 31.031553357729873, -17.741072349813415 ], [ 31.031867139076486, -17.741019609992978 ], [ 31.032116318381142, -17.74148547786946 ], [ 31.032882314021407, -17.741810705668659 ], [ 31.033316070588779, -17.741503057765602 ], [ 31.033915946692591, -17.741595352192011 ], [ 31.035193788125799, -17.74165283452194 ], [ 31.03380981476646, -17.74869748537122 ], [ 31.034289715649507, -17.749172122841966 ], [ 31.037556733199519, -17.749470968011195 ], [ 31.038977978122411, -17.749365493302555 ], [ 31.039291759469016, -17.751281607484707 ], [ 31.039956237614781, -17.751193712787636 ], [ 31.047080919955484, -17.751896869155637 ], [ 31.047911517637683, -17.751967184640492 ], [ 31.048668284414809, -17.751844132523853 ], [ 31.049609628454643, -17.751861711402846 ], [ 31.051418485629224, -17.75194960577187 ], [ 31.054094855938555, -17.752336340482756 ], [ 31.055303837009316, -17.753549275745975 ], [ 31.056111362533706, -17.754766597436308 ], [ 31.057366487920149, -17.754081031004759 ], [ 31.060227435492191, -17.753711878761422 ], [ 31.060527373544087, -17.755843283004577 ], [ 31.06040278389176, -17.75627835002896 ], [ 31.058976924537316, -17.759139218959312 ], [ 31.061625608257245, -17.759965390720634 ], [ 31.062276243108304, -17.760084042734722 ], [ 31.063467744707925, -17.759876901468594 ], [ 31.063711331325887, -17.762043986839053 ], [ 31.080687825063837, -17.766382374165541 ], [ 31.087593334216749, -17.768304998397991 ], [ 31.08777213112829, -17.769769297238131 ], [ 31.088058225885497, -17.770876652264878 ], [ 31.088427380410913, -17.773179225676945 ], [ 31.088427380410913, -17.774049274321239 ], [ 31.088354126309405, -17.774879222079829 ], [ 31.08738567248438, -17.774647979577363 ], [ 31.086739652064885, -17.774067949561346 ], [ 31.086149004824204, -17.773382457115609 ], [ 31.084506267186057, -17.77250361680095 ], [ 31.082235966854697, -17.771993887438583 ], [ 31.080796264205535, -17.771431425765694 ], [ 31.076421783079244, -17.770025263840889 ], [ 31.073782328222453, -17.768777285868833 ], [ 31.070441479767357, -17.768724554213403 ], [ 31.070478395219901, -17.769550681694913 ], [ 31.069813917074132, -17.770605306975099 ], [ 31.069047921433871, -17.770236188834726 ], [ 31.068457274193197, -17.769717664445487 ], [ 31.067543616742775, -17.768764102956439 ], [ 31.064128937382605, -17.769607807390301 ], [ 31.062758451206957, -17.771686291430498 ], [ 31.061923239093176, -17.771756599136168 ], [ 31.059380687299317, -17.771607195228597 ], [ 31.059066905952704, -17.771826906814173 ], [ 31.058910015279395, -17.772011464337361 ], [ 31.058714918160227, -17.773136655486724 ], [ 31.056441294390616, -17.772903489679873 ], [ 31.055742650059464, -17.779980202374901 ], [ 31.044129990967701, -17.778782835981019 ], [ 31.044676801108476, -17.771433622885052 ], [ 31.045733505937722, -17.771623673606879 ], [ 31.045945769789853, -17.770573448594231 ], [ 31.046984016892605, -17.771063407893017 ], [ 31.04690326434017, -17.771966423530802 ], [ 31.050802459014978, -17.772370691827138 ], [ 31.052020668948877, -17.761270558546943 ], [ 31.049168950239967, -17.761006889046598 ], [ 31.049150492513697, -17.762729522756615 ], [ 31.049575020217937, -17.7627998339842 ], [ 31.049445816134043, -17.765014623504225 ], [ 31.048947457524712, -17.765120088987697 ], [ 31.048227606200136, -17.763872076780057 ], [ 31.047747705317082, -17.765418907519724 ], [ 31.04835681028403, -17.7678753527039 ], [ 31.04781000014324, -17.76785338107187 ], [ 31.047080919955526, -17.767923690284892 ], [ 31.046490272714852, -17.768099463196485 ], [ 31.045756578095574, -17.768415854001915 ], [ 31.044469151688162, -17.768055519984799 ], [ 31.04343551901697, -17.767739128541745 ], [ 31.042065032841332, -17.76728211769116 ], [ 31.041580517526715, -17.767119527010681 ], [ 31.041234435159126, -17.767084372249521 ], [ 31.03941634912141, -17.767172259139471 ], [ 31.039028736869703, -17.767115132665918 ], [ 31.040323204185192, -17.770758897098233 ], [ 31.034866519595298, -17.769913209836712 ], [ 31.031158823830825, -17.759464414682441 ], [ 31.030235937517268, -17.759148008040697 ], [ 31.026959691104114, -17.758822811742426 ], [ 31.026101406832503, -17.758717342545751 ], [ 31.023923395132503, -17.758488825739676 ], [ 31.023646529238427, -17.757979056428109 ], [ 31.02370190241724, -17.757012248571701 ], [ 31.024809365993512, -17.756941935069253 ], [ 31.024887811330156, -17.755311532982628 ], [ 31.025909907922429, -17.753762417506401 ], [ 31.026315977900403, -17.753164741000013 ], [ 31.026883552983239, -17.751808974760738 ], [ 31.029412261482403, -17.747945973468735 ] ] ] ] } },
{ "type": "Feature", "properties": { "name": "Guildford", "area_sqkm": 3.462, "Income": 0, "Region": null, "density": "Low Density", "Matched_Ward": null, "Male Population": 14510, "Female Population": 14420, "pop_est": 28929, "Total Households": null }, "geometry": { "type": "MultiPolygon", "coordinates": [ [ [ [ 31.120683555019433, -17.668598561573955 ], [ 31.125872623692807, -17.6712964168544 ], [ 31.129606356485027, -17.67264251244416 ], [ 31.124056213145241, -17.679372839238368 ], [ 31.120221568655939, -17.6902369778836 ], [ 31.13778020394907, -17.692255904716859 ], [ 31.1398993495879, -17.690333117771168 ], [ 31.147467726869426, -17.694755496973961 ], [ 31.147110919088888, -17.701399391952457 ], [ 31.14415813855463, -17.70047896652973 ], [ 31.143268854223969, -17.700265668135678 ], [ 31.136129351655136, -17.697294485282985 ], [ 31.115554218802423, -17.69476505247053 ], [ 31.116533561476725, -17.691769576760802 ], [ 31.11700027807575, -17.688633011467235 ], [ 31.117391310901962, -17.686337635880662 ], [ 31.117643590144674, -17.685280070768929 ], [ 31.118160762592243, -17.684006177256492 ], [ 31.120078084836916, -17.680136369886299 ], [ 31.120834922565063, -17.679102804751299 ], [ 31.11858963730489, -17.676891436131477 ], [ 31.120683555019433, -17.668598561573955 ] ] ] ] } }
]
}
